analysis_id,method_id,method_label,family_panel,reaction_scope,selection_policy,analysis_role,sampling_design,geometry_origin,species_id,molecule_class,manifest_file_name,local_path,computed_gibbs_hartree,candidate_rank_within_species,candidate_count,delta_g_from_min_kcal_mol,selected_for_analysis,calculation_id
full21_b3lyp_pcm,1_b3lyp_pcm,B3LYP / PCM,all_21,all balanced reaction quantities,lowest valid G within the full B3LYP/PCM candidate pool,conformer_candidate,full_b3lyp_pcm_candidate_pool,b3lyp_pcm_candidate_pool,1_methyluracil,base,1_methyluracil_pcm_water.log,data/calculations/calc_557d5df31f5d3868/record.json,-454.225805887,1,1,0.0,True,calc_557d5df31f5d3868
full21_b3lyp_pcm,1_b3lyp_pcm,B3LYP / PCM,all_21,all balanced reaction quantities,lowest valid G within the full B3LYP/PCM candidate pool,conformer_candidate,full_b3lyp_pcm_candidate_pool,b3lyp_pcm_candidate_pool,1_methyluracil_ribose,nucleoside,1_methyluracil_ribose_conf2_pcm_water.log,data/calculations/calc_14dd388accc7bb16/record.json,-950.497857721,1,6,0.0,True,calc_14dd388accc7bb16
full21_b3lyp_pcm,1_b3lyp_pcm,B3LYP / PCM,all_21,all balanced reaction quantities,lowest valid G within the full B3LYP/PCM candidate pool,conformer_candidate,full_b3lyp_pcm_candidate_pool,b3lyp_pcm_candidate_pool,1_methyluracil_ribose_phosphate,nucleotide,1_methyluracil_ribose_phosphate_conf2_pcm_water.log,data/calculations/calc_cded447bd0a49de6/record.json,-1518.36478563,1,3,0.0,True,calc_cded447bd0a49de6
full21_b3lyp_pcm,1_b3lyp_pcm,B3LYP / PCM,all_21,all balanced reaction quantities,lowest valid G within the full B3LYP/PCM candidate pool,conformer_candidate,full_b3lyp_pcm_candidate_pool,b3lyp_pcm_candidate_pool,2_6_diaminopurine,base,2_6_diaminopurine_pcm_water.log,data/calculations/calc_b64e41e8c31af266/record.json,-522.7926492959999,1,1,0.0,True,calc_b64e41e8c31af266
full21_b3lyp_pcm,1_b3lyp_pcm,B3LYP / PCM,all_21,all balanced reaction quantities,lowest valid G within the full B3LYP/PCM candidate pool,conformer_candidate,full_b3lyp_pcm_candidate_pool,b3lyp_pcm_candidate_pool,2_6_diaminopurine_ribose,nucleoside,2_6_diaminopurine_ribose_conf5_pcm_water.log,data/calculations/calc_eef5f88f9cf1ba9c/record.json,-1019.0786213,1,4,0.0,True,calc_eef5f88f9cf1ba9c
full21_b3lyp_pcm,1_b3lyp_pcm,B3LYP / PCM,all_21,all balanced reaction quantities,lowest valid G within the full B3LYP/PCM candidate pool,conformer_candidate,full_b3lyp_pcm_candidate_pool,b3lyp_pcm_candidate_pool,2_6_diaminopurine_ribose_phosphate,nucleotide,2_6_diaminopurine_ribose_phosphate_conf7_pcm_water.log,data/calculations/calc_ed287a3331341d0a/record.json,-1586.93402226,1,7,0.0,True,calc_ed287a3331341d0a
full21_b3lyp_pcm,1_b3lyp_pcm,B3LYP / PCM,all_21,all balanced reaction quantities,lowest valid G within the full B3LYP/PCM candidate pool,conformer_candidate,full_b3lyp_pcm_candidate_pool,b3lyp_pcm_candidate_pool,5_amino_4_imidazolecarboxamide,base,5_amino_4_imidazolecarboxamide_conf2_pcm_water.log,data/calculations/calc_72bf1dd411b42985/record.json,-450.393711213,1,2,0.0,True,calc_72bf1dd411b42985
full21_b3lyp_pcm,1_b3lyp_pcm,B3LYP / PCM,all_21,all balanced reaction quantities,lowest valid G within the full B3LYP/PCM candidate pool,conformer_candidate,full_b3lyp_pcm_candidate_pool,b3lyp_pcm_candidate_pool,5_amino_4_imidazolecarboxamide_ribose,nucleoside,5_amino_4_imidazolecarboxamide_ribose_conf11_pcm_water.log,data/calculations/calc_78af7694df9bfb2e/record.json,-946.675721204,1,6,0.0,True,calc_78af7694df9bfb2e
full21_b3lyp_pcm,1_b3lyp_pcm,B3LYP / PCM,all_21,all balanced reaction quantities,lowest valid G within the full B3LYP/PCM candidate pool,conformer_candidate,full_b3lyp_pcm_candidate_pool,b3lyp_pcm_candidate_pool,5_amino_4_imidazolecarboxamide_ribose_phosphate,nucleotide,5_amino_4_imidazolecarboxamide_ribose_phosphate_conf26_pcm_water.log,data/calculations/calc_e4c1a7e3bbfa378a/record.json,-1514.53950183,1,7,0.0,True,calc_e4c1a7e3bbfa378a
full21_b3lyp_pcm,1_b3lyp_pcm,B3LYP / PCM,all_21,all balanced reaction quantities,lowest valid G within the full B3LYP/PCM candidate pool,conformer_candidate,full_b3lyp_pcm_candidate_pool,b3lyp_pcm_candidate_pool,6_methyluracil,base,6_methyluracil_pcm_water.log,data/calculations/calc_aa4f8869f52bb371/record.json,-454.2426641269999,1,1,0.0,True,calc_aa4f8869f52bb371
full21_b3lyp_pcm,1_b3lyp_pcm,B3LYP / PCM,all_21,all balanced reaction quantities,lowest valid G within the full B3LYP/PCM candidate pool,conformer_candidate,full_b3lyp_pcm_candidate_pool,b3lyp_pcm_candidate_pool,6_methyluracil_ribose,nucleoside,6_methyluracil_ribose_conf1_pcm_water.log,data/calculations/calc_81d6cb24819ff295/record.json,-950.509671363,1,5,0.0,True,calc_81d6cb24819ff295
full21_b3lyp_pcm,1_b3lyp_pcm,B3LYP / PCM,all_21,all balanced reaction quantities,lowest valid G within the full B3LYP/PCM candidate pool,conformer_candidate,full_b3lyp_pcm_candidate_pool,b3lyp_pcm_candidate_pool,6_methyluracil_ribose_phosphate,nucleotide,6_methyluracil_ribose_phosphate_conf1_pcm_water.log,data/calculations/calc_62672a6146a08e14/record.json,-1518.37414697,1,3,0.0,True,calc_62672a6146a08e14
full21_b3lyp_pcm,1_b3lyp_pcm,B3LYP / PCM,all_21,all balanced reaction quantities,lowest valid G within the full B3LYP/PCM candidate pool,conformer_candidate,full_b3lyp_pcm_candidate_pool,b3lyp_pcm_candidate_pool,adenine,base,adenine_pcm_water.log,data/calculations/calc_579b225d5746d6f9/record.json,-467.411776062,1,1,0.0,True,calc_579b225d5746d6f9
full21_b3lyp_pcm,1_b3lyp_pcm,B3LYP / PCM,all_21,all balanced reaction quantities,lowest valid G within the full B3LYP/PCM candidate pool,conformer_candidate,full_b3lyp_pcm_candidate_pool,b3lyp_pcm_candidate_pool,adenine_ribose,nucleoside,adenine_ribose_conf1_pcm_water.log,data/calculations/calc_c35c5f7936f0c4ab/record.json,-963.698278779,1,5,0.0,True,calc_c35c5f7936f0c4ab
full21_b3lyp_pcm,1_b3lyp_pcm,B3LYP / PCM,all_21,all balanced reaction quantities,lowest valid G within the full B3LYP/PCM candidate pool,conformer_candidate,full_b3lyp_pcm_candidate_pool,b3lyp_pcm_candidate_pool,adenine_ribose_phosphate,nucleotide,adenine_ribose_phosphate_conf13_pcm_water.log,data/calculations/calc_565406d4de58dfbc/record.json,-1531.56611465,1,6,0.0,True,calc_565406d4de58dfbc
full21_b3lyp_pcm,1_b3lyp_pcm,B3LYP / PCM,all_21,all balanced reaction quantities,lowest valid G within the full B3LYP/PCM candidate pool,conformer_candidate,full_b3lyp_pcm_candidate_pool,b3lyp_pcm_candidate_pool,barbituric_acid,base,barbituric_acid_pcm_water.log,data/calculations/calc_83ba274204495cdc/record.json,-490.202518283,1,1,0.0,True,calc_83ba274204495cdc
full21_b3lyp_pcm,1_b3lyp_pcm,B3LYP / PCM,all_21,all balanced reaction quantities,lowest valid G within the full B3LYP/PCM candidate pool,conformer_candidate,full_b3lyp_pcm_candidate_pool,b3lyp_pcm_candidate_pool,barbituric_acid_clink_ribose,nucleoside,barbituric_acid_Clink_ribose_conf13_pcm_water.log,data/calculations/calc_46cd4512cd3591cc/record.json,-986.480748927,1,6,0.0,True,calc_46cd4512cd3591cc
full21_b3lyp_pcm,1_b3lyp_pcm,B3LYP / PCM,all_21,all balanced reaction quantities,lowest valid G within the full B3LYP/PCM candidate pool,conformer_candidate,full_b3lyp_pcm_candidate_pool,b3lyp_pcm_candidate_pool,barbituric_acid_clink_ribose_phosphate,nucleotide,barbituric_acid_Clink_ribose_phosphate_conf1_pcm_water.log,data/calculations/calc_30c04d4de5da70b4/record.json,-1554.34709075,1,5,0.0,True,calc_30c04d4de5da70b4
full21_b3lyp_pcm,1_b3lyp_pcm,B3LYP / PCM,all_21,all balanced reaction quantities,lowest valid G within the full B3LYP/PCM candidate pool,conformer_candidate,full_b3lyp_pcm_candidate_pool,b3lyp_pcm_candidate_pool,barbituric_acid_nlink_ribose,nucleoside,barbituric_acid_Nlink_ribose_conf9_pcm_water.log,data/calculations/calc_08003ea684cb1bf3/record.json,-986.474375475,1,6,0.0,True,calc_08003ea684cb1bf3
full21_b3lyp_pcm,1_b3lyp_pcm,B3LYP / PCM,all_21,all balanced reaction quantities,lowest valid G within the full B3LYP/PCM candidate pool,conformer_candidate,full_b3lyp_pcm_candidate_pool,b3lyp_pcm_candidate_pool,barbituric_acid_nlink_ribose_phosphate,nucleotide,barbituric_acid_Nlink_ribose_phosphate_conf2_pcm_water.log,data/calculations/calc_7de52b9db685b71c/record.json,-1554.34163666,1,3,0.0,True,calc_7de52b9db685b71c
full21_b3lyp_pcm,1_b3lyp_pcm,B3LYP / PCM,all_21,all balanced reaction quantities,lowest valid G within the full B3LYP/PCM candidate pool,conformer_candidate,full_b3lyp_pcm_candidate_pool,b3lyp_pcm_candidate_pool,cyanuric_acid_nlink,base,cyanuric_acid_Nlink_pcm_water.log,data/calculations/calc_51c2f3ea6aae4f49/record.json,-506.289233965,1,1,0.0,True,calc_51c2f3ea6aae4f49
full21_b3lyp_pcm,1_b3lyp_pcm,B3LYP / PCM,all_21,all balanced reaction quantities,lowest valid G within the full B3LYP/PCM candidate pool,conformer_candidate,full_b3lyp_pcm_candidate_pool,b3lyp_pcm_candidate_pool,cyanuric_acid_nlink_ribose,nucleoside,cyanuric_acid_Nlink_ribose_conf3_pcm_water.log,data/calculations/calc_3c702ab51f529882/record.json,-1002.56160611,1,4,0.0,True,calc_3c702ab51f529882
full21_b3lyp_pcm,1_b3lyp_pcm,B3LYP / PCM,all_21,all balanced reaction quantities,lowest valid G within the full B3LYP/PCM candidate pool,conformer_candidate,full_b3lyp_pcm_candidate_pool,b3lyp_pcm_candidate_pool,cyanuric_acid_nlink_ribose_phosphate,nucleotide,cyanuric_acid_Nlink_ribose_phosphate_conf1_pcm_water.log,data/calculations/calc_26ec58bd7524b4f3/record.json,-1570.4291062,1,3,0.0,True,calc_26ec58bd7524b4f3
full21_b3lyp_pcm,1_b3lyp_pcm,B3LYP / PCM,all_21,all balanced reaction quantities,lowest valid G within the full B3LYP/PCM candidate pool,conformer_candidate,full_b3lyp_pcm_candidate_pool,b3lyp_pcm_candidate_pool,cytosine,base,cytosine_pcm_water.log,data/calculations/calc_134efc3e90289083/record.json,-395.027078634,1,1,0.0,True,calc_134efc3e90289083
full21_b3lyp_pcm,1_b3lyp_pcm,B3LYP / PCM,all_21,all balanced reaction quantities,lowest valid G within the full B3LYP/PCM candidate pool,conformer_candidate,full_b3lyp_pcm_candidate_pool,b3lyp_pcm_candidate_pool,cytosine_ribose,nucleoside,cytosine_ribose_conf1_pcm_water.log,data/calculations/calc_70a1afe23b704cc1/record.json,-891.3112308679999,1,6,0.0,True,calc_70a1afe23b704cc1
full21_b3lyp_pcm,1_b3lyp_pcm,B3LYP / PCM,all_21,all balanced reaction quantities,lowest valid G within the full B3LYP/PCM candidate pool,conformer_candidate,full_b3lyp_pcm_candidate_pool,b3lyp_pcm_candidate_pool,cytosine_ribose_phosphate,nucleotide,cytosine_ribose_phosphate_conf2_pcm_water.log,data/calculations/calc_fff03848f43180e0/record.json,-1459.18085061,1,7,0.0,True,calc_fff03848f43180e0
full21_b3lyp_pcm,1_b3lyp_pcm,B3LYP / PCM,all_21,all balanced reaction quantities,lowest valid G within the full B3LYP/PCM candidate pool,conformer_candidate,full_b3lyp_pcm_candidate_pool,b3lyp_pcm_candidate_pool,dihydrouracil,base,dihydrouracil_pcm_water.log,data/calculations/calc_99e961bc99a08e31/record.json,-416.122008387,1,1,0.0,True,calc_99e961bc99a08e31
full21_b3lyp_pcm,1_b3lyp_pcm,B3LYP / PCM,all_21,all balanced reaction quantities,lowest valid G within the full B3LYP/PCM candidate pool,conformer_candidate,full_b3lyp_pcm_candidate_pool,b3lyp_pcm_candidate_pool,dihydrouracil_ribose,nucleoside,dihydrouracil_ribose_conf1_pcm_water.log,data/calculations/calc_83f2523565472fb4/record.json,-912.398846725,1,6,0.0,True,calc_83f2523565472fb4
full21_b3lyp_pcm,1_b3lyp_pcm,B3LYP / PCM,all_21,all balanced reaction quantities,lowest valid G within the full B3LYP/PCM candidate pool,conformer_candidate,full_b3lyp_pcm_candidate_pool,b3lyp_pcm_candidate_pool,dihydrouracil_ribose_phosphate,nucleotide,dihydrouracil_ribose_phosphate_conf92_pcm_water.log,data/calculations/calc_3aaca4b39fd0c75b/record.json,-1480.2658579,1,5,0.0,True,calc_3aaca4b39fd0c75b
full21_b3lyp_pcm,1_b3lyp_pcm,B3LYP / PCM,all_21,all balanced reaction quantities,lowest valid G within the full B3LYP/PCM candidate pool,conformer_candidate,full_b3lyp_pcm_candidate_pool,b3lyp_pcm_candidate_pool,guanine,base,guanine_pcm_water.log,data/calculations/calc_a091e116d6de97ca/record.json,-542.688635019,1,1,0.0,True,calc_a091e116d6de97ca
full21_b3lyp_pcm,1_b3lyp_pcm,B3LYP / PCM,all_21,all balanced reaction quantities,lowest valid G within the full B3LYP/PCM candidate pool,conformer_candidate,full_b3lyp_pcm_candidate_pool,b3lyp_pcm_candidate_pool,guanine_ribose,nucleoside,guanine_ribose_conf1_pcm_water.log,data/calculations/calc_1c737c8a2a03ac94/record.json,-1038.97101015,1,5,0.0,True,calc_1c737c8a2a03ac94
full21_b3lyp_pcm,1_b3lyp_pcm,B3LYP / PCM,all_21,all balanced reaction quantities,lowest valid G within the full B3LYP/PCM candidate pool,conformer_candidate,full_b3lyp_pcm_candidate_pool,b3lyp_pcm_candidate_pool,guanine_ribose_phosphate,nucleotide,guanine_ribose_phosphate_conf87_pcm_water.log,data/calculations/calc_5cbeee002649ab4c/record.json,-1606.83475695,1,7,0.0,True,calc_5cbeee002649ab4c
full21_b3lyp_pcm,1_b3lyp_pcm,B3LYP / PCM,all_21,all balanced reaction quantities,lowest valid G within the full B3LYP/PCM candidate pool,conformer_candidate,full_b3lyp_pcm_candidate_pool,b3lyp_pcm_candidate_pool,hypoxanthine,base,hypoxanthine_pcm_water.log,data/calculations/calc_c24a0cb0be829e84/record.json,-487.308551042,1,1,0.0,True,calc_c24a0cb0be829e84
full21_b3lyp_pcm,1_b3lyp_pcm,B3LYP / PCM,all_21,all balanced reaction quantities,lowest valid G within the full B3LYP/PCM candidate pool,conformer_candidate,full_b3lyp_pcm_candidate_pool,b3lyp_pcm_candidate_pool,hypoxanthine_ribose,nucleoside,hypoxanthine_ribose_conf2_pcm_water.log,data/calculations/calc_aa14d9bca0bb84b5/record.json,-983.589211063,1,5,0.0,True,calc_aa14d9bca0bb84b5
full21_b3lyp_pcm,1_b3lyp_pcm,B3LYP / PCM,all_21,all balanced reaction quantities,lowest valid G within the full B3LYP/PCM candidate pool,conformer_candidate,full_b3lyp_pcm_candidate_pool,b3lyp_pcm_candidate_pool,hypoxanthine_ribose_phosphate,nucleotide,hypoxanthine_ribose_phosphate_conf88_pcm_water.log,data/calculations/calc_706acf64f1683d4e/record.json,-1551.45333221,1,7,0.0,True,calc_706acf64f1683d4e
full21_b3lyp_pcm,1_b3lyp_pcm,B3LYP / PCM,all_21,all balanced reaction quantities,lowest valid G within the full B3LYP/PCM candidate pool,conformer_candidate,full_b3lyp_pcm_candidate_pool,b3lyp_pcm_candidate_pool,imidazole,base,imidazole_pcm_water.log,data/calculations/calc_86aab83ecc0914ce/record.json,-226.263318163,1,1,0.0,True,calc_86aab83ecc0914ce
full21_b3lyp_pcm,1_b3lyp_pcm,B3LYP / PCM,all_21,all balanced reaction quantities,lowest valid G within the full B3LYP/PCM candidate pool,conformer_candidate,full_b3lyp_pcm_candidate_pool,b3lyp_pcm_candidate_pool,imidazole_2_carboxylic_acid,base,imidazole_2_carboxylic_acid_dft_seed_pcm_water.log,data/calculations/calc_67ddb66290e3abfb/record.json,-414.904908183,1,2,0.0,True,calc_67ddb66290e3abfb
full21_b3lyp_pcm,1_b3lyp_pcm,B3LYP / PCM,all_21,all balanced reaction quantities,lowest valid G within the full B3LYP/PCM candidate pool,conformer_candidate,full_b3lyp_pcm_candidate_pool,b3lyp_pcm_candidate_pool,imidazole_2_carboxylic_acid_ribose,nucleoside,imidazole_2_carboxylic_acid_ribose_conf2_pcm_water.log,data/calculations/calc_ddbd7d6cd7bcbc4c/record.json,-911.180131526,1,6,0.0,True,calc_ddbd7d6cd7bcbc4c
full21_b3lyp_pcm,1_b3lyp_pcm,B3LYP / PCM,all_21,all balanced reaction quantities,lowest valid G within the full B3LYP/PCM candidate pool,conformer_candidate,full_b3lyp_pcm_candidate_pool,b3lyp_pcm_candidate_pool,imidazole_2_carboxylic_acid_ribose_phosphate,nucleotide,imidazole_2_carboxylic_acid_ribose_phosphate_conf9_pcm_water.log,data/calculations/calc_c379ce33a86930c1/record.json,-1479.0455633,1,7,0.0,True,calc_c379ce33a86930c1
full21_b3lyp_pcm,1_b3lyp_pcm,B3LYP / PCM,all_21,all balanced reaction quantities,lowest valid G within the full B3LYP/PCM candidate pool,conformer_candidate,full_b3lyp_pcm_candidate_pool,b3lyp_pcm_candidate_pool,imidazole_ribose,nucleoside,imidazole_ribose_dft_seed_pcm_water.log,data/calculations/calc_68dce74d32dbd762/record.json,-722.541821199,1,6,0.0,True,calc_68dce74d32dbd762
full21_b3lyp_pcm,1_b3lyp_pcm,B3LYP / PCM,all_21,all balanced reaction quantities,lowest valid G within the full B3LYP/PCM candidate pool,conformer_candidate,full_b3lyp_pcm_candidate_pool,b3lyp_pcm_candidate_pool,imidazole_ribose_phosphate,nucleotide,imidazole_ribose_phosphate_conf11_pcm_water.log,data/calculations/calc_0fc80346cb0cfb89/record.json,-1290.41066676,1,7,0.0,True,calc_0fc80346cb0cfb89
full21_b3lyp_pcm,1_b3lyp_pcm,B3LYP / PCM,all_21,all balanced reaction quantities,lowest valid G within the full B3LYP/PCM candidate pool,conformer_candidate,full_b3lyp_pcm_candidate_pool,b3lyp_pcm_candidate_pool,isocytosine,base,isocytosine_pcm_water.log,data/calculations/calc_632812ab1f35c957/record.json,-395.028341828,1,1,0.0,True,calc_632812ab1f35c957
full21_b3lyp_pcm,1_b3lyp_pcm,B3LYP / PCM,all_21,all balanced reaction quantities,lowest valid G within the full B3LYP/PCM candidate pool,conformer_candidate,full_b3lyp_pcm_candidate_pool,b3lyp_pcm_candidate_pool,isocytosine_ribose,nucleoside,isocytosine_ribose_conf10_pcm_water.log,data/calculations/calc_26db644a050cbc88/record.json,-891.296369389,1,6,0.0,True,calc_26db644a050cbc88
full21_b3lyp_pcm,1_b3lyp_pcm,B3LYP / PCM,all_21,all balanced reaction quantities,lowest valid G within the full B3LYP/PCM candidate pool,conformer_candidate,full_b3lyp_pcm_candidate_pool,b3lyp_pcm_candidate_pool,isocytosine_ribose_phosphate,nucleotide,isocytosine_ribose_phosphate_conf4_pcm_water.log,data/calculations/calc_b5998c8a957d090b/record.json,-1459.16629363,1,7,0.0,True,calc_b5998c8a957d090b
full21_b3lyp_pcm,1_b3lyp_pcm,B3LYP / PCM,all_21,all balanced reaction quantities,lowest valid G within the full B3LYP/PCM candidate pool,conformer_candidate,full_b3lyp_pcm_candidate_pool,b3lyp_pcm_candidate_pool,melamine,base,melamine_pcm_water.log,data/calculations/calc_33fca431883e2cd5/record.json,-446.598259299,1,1,0.0,True,calc_33fca431883e2cd5
full21_b3lyp_pcm,1_b3lyp_pcm,B3LYP / PCM,all_21,all balanced reaction quantities,lowest valid G within the full B3LYP/PCM candidate pool,conformer_candidate,full_b3lyp_pcm_candidate_pool,b3lyp_pcm_candidate_pool,melamine_ribose,nucleoside,melamine_ribose_conf5_pcm_water.log,data/calculations/calc_1bbcfea89d162128/record.json,-942.876517851,1,6,0.0,True,calc_1bbcfea89d162128
full21_b3lyp_pcm,1_b3lyp_pcm,B3LYP / PCM,all_21,all balanced reaction quantities,lowest valid G within the full B3LYP/PCM candidate pool,conformer_candidate,full_b3lyp_pcm_candidate_pool,b3lyp_pcm_candidate_pool,melamine_ribose_phosphate,nucleotide,melamine_ribose_phosphate_conf79_pcm_water.log,data/calculations/calc_461032b033f7667d/record.json,-1510.7466947500002,1,7,0.0,True,calc_461032b033f7667d
full21_b3lyp_pcm,1_b3lyp_pcm,B3LYP / PCM,all_21,all balanced reaction quantities,lowest valid G within the full B3LYP/PCM candidate pool,conformer_candidate,full_b3lyp_pcm_candidate_pool,b3lyp_pcm_candidate_pool,phosphate,shared,phosphate_pcm_water.log,data/calculations/calc_70d17d7b51860fde/record.json,-644.333197165,1,1,0.0,True,calc_70d17d7b51860fde
full21_b3lyp_pcm,1_b3lyp_pcm,B3LYP / PCM,all_21,all balanced reaction quantities,lowest valid G within the full B3LYP/PCM candidate pool,conformer_candidate,full_b3lyp_pcm_candidate_pool,b3lyp_pcm_candidate_pool,purine,base,purine_pcm_water.log,data/calculations/calc_5d6f1ccd891cafde/record.json,-412.029156458,1,1,0.0,True,calc_5d6f1ccd891cafde
full21_b3lyp_pcm,1_b3lyp_pcm,B3LYP / PCM,all_21,all balanced reaction quantities,lowest valid G within the full B3LYP/PCM candidate pool,conformer_candidate,full_b3lyp_pcm_candidate_pool,b3lyp_pcm_candidate_pool,purine_ribose,nucleoside,purine_ribose_conf1_pcm_water.log,data/calculations/calc_1d541afe25ca995a/record.json,-908.3082535,1,5,0.0,True,calc_1d541afe25ca995a
full21_b3lyp_pcm,1_b3lyp_pcm,B3LYP / PCM,all_21,all balanced reaction quantities,lowest valid G within the full B3LYP/PCM candidate pool,conformer_candidate,full_b3lyp_pcm_candidate_pool,b3lyp_pcm_candidate_pool,purine_ribose_phosphate,nucleotide,purine_ribose_phosphate_conf2_pcm_water.log,data/calculations/calc_2c948d08febcbd06/record.json,-1476.17284266,1,7,0.0,True,calc_2c948d08febcbd06
full21_b3lyp_pcm,1_b3lyp_pcm,B3LYP / PCM,all_21,all balanced reaction quantities,lowest valid G within the full B3LYP/PCM candidate pool,conformer_candidate,full_b3lyp_pcm_candidate_pool,b3lyp_pcm_candidate_pool,ribo_phosphate,shared,ribo_phosphate_dft_seed_pcm_water.log,data/calculations/calc_18ca89a079eafa81/record.json,-1140.61485383,1,6,0.0,True,calc_18ca89a079eafa81
full21_b3lyp_pcm,1_b3lyp_pcm,B3LYP / PCM,all_21,all balanced reaction quantities,lowest valid G within the full B3LYP/PCM candidate pool,conformer_candidate,full_b3lyp_pcm_candidate_pool,b3lyp_pcm_candidate_pool,ribose,shared,ribose_conf24_pcm_water.log,data/calculations/calc_d2fbb85799b12c43/record.json,-572.747731619,1,5,0.0,True,calc_d2fbb85799b12c43
full21_b3lyp_pcm,1_b3lyp_pcm,B3LYP / PCM,all_21,all balanced reaction quantities,lowest valid G within the full B3LYP/PCM candidate pool,conformer_candidate,full_b3lyp_pcm_candidate_pool,b3lyp_pcm_candidate_pool,tap_c5link,base,tap_C5link_pcm_water.log,data/calculations/calc_4e2e0861eea37088/record.json,-430.518375734,1,1,0.0,True,calc_4e2e0861eea37088
full21_b3lyp_pcm,1_b3lyp_pcm,B3LYP / PCM,all_21,all balanced reaction quantities,lowest valid G within the full B3LYP/PCM candidate pool,conformer_candidate,full_b3lyp_pcm_candidate_pool,b3lyp_pcm_candidate_pool,tap_c5link_ribose,nucleoside,tap_C5link_ribose_conf7_pcm_water.log,data/calculations/calc_ee1ba97b82c10afe/record.json,-926.799261191,1,5,0.0,True,calc_ee1ba97b82c10afe
full21_b3lyp_pcm,1_b3lyp_pcm,B3LYP / PCM,all_21,all balanced reaction quantities,lowest valid G within the full B3LYP/PCM candidate pool,conformer_candidate,full_b3lyp_pcm_candidate_pool,b3lyp_pcm_candidate_pool,tap_c5link_ribose_phosphate,nucleotide,tap_C5link_ribose_phosphate_dft_seed_pcm_water.log,data/calculations/calc_a213de3c3663f8eb/record.json,-1494.66493383,1,7,0.0,True,calc_a213de3c3663f8eb
full21_b3lyp_pcm,1_b3lyp_pcm,B3LYP / PCM,all_21,all balanced reaction quantities,lowest valid G within the full B3LYP/PCM candidate pool,conformer_candidate,full_b3lyp_pcm_candidate_pool,b3lyp_pcm_candidate_pool,thymine,base,thymine_pcm_water.log,data/calculations/calc_ee198384f6ddcdec/record.json,-454.237590453,1,1,0.0,True,calc_ee198384f6ddcdec
full21_b3lyp_pcm,1_b3lyp_pcm,B3LYP / PCM,all_21,all balanced reaction quantities,lowest valid G within the full B3LYP/PCM candidate pool,conformer_candidate,full_b3lyp_pcm_candidate_pool,b3lyp_pcm_candidate_pool,thymine_ribose,nucleoside,thymine_ribose_conf2_pcm_water.log,data/calculations/calc_7f0e4ef6f3f32803/record.json,-950.512922182,1,6,0.0,True,calc_7f0e4ef6f3f32803
full21_b3lyp_pcm,1_b3lyp_pcm,B3LYP / PCM,all_21,all balanced reaction quantities,lowest valid G within the full B3LYP/PCM candidate pool,conformer_candidate,full_b3lyp_pcm_candidate_pool,b3lyp_pcm_candidate_pool,thymine_ribose_phosphate,nucleotide,thymine_ribose_phosphate_conf46_pcm_water.log,data/calculations/calc_f9c40765bb129d1a/record.json,-1518.37939226,1,7,0.0,True,calc_f9c40765bb129d1a
full21_b3lyp_pcm,1_b3lyp_pcm,B3LYP / PCM,all_21,all balanced reaction quantities,lowest valid G within the full B3LYP/PCM candidate pool,conformer_candidate,full_b3lyp_pcm_candidate_pool,b3lyp_pcm_candidate_pool,uracil,base,uracil_pcm_water.log,data/calculations/calc_f39698ab11c8d629/record.json,-414.93206767,1,1,0.0,True,calc_f39698ab11c8d629
full21_b3lyp_pcm,1_b3lyp_pcm,B3LYP / PCM,all_21,all balanced reaction quantities,lowest valid G within the full B3LYP/PCM candidate pool,conformer_candidate,full_b3lyp_pcm_candidate_pool,b3lyp_pcm_candidate_pool,uracil_ribose,nucleoside,uracil_ribose_conf4_pcm_water.log,data/calculations/calc_12fd1c0e255a1a86/record.json,-911.207407878,1,6,0.0,True,calc_12fd1c0e255a1a86
full21_b3lyp_pcm,1_b3lyp_pcm,B3LYP / PCM,all_21,all balanced reaction quantities,lowest valid G within the full B3LYP/PCM candidate pool,conformer_candidate,full_b3lyp_pcm_candidate_pool,b3lyp_pcm_candidate_pool,uracil_ribose_phosphate,nucleotide,uracil_ribose_phosphate_conf65_pcm_water.log,data/calculations/calc_0c1c835dc0af3a7d/record.json,-1479.07380906,1,7,0.0,True,calc_0c1c835dc0af3a7d
full21_b3lyp_pcm,1_b3lyp_pcm,B3LYP / PCM,all_21,all balanced reaction quantities,lowest valid G within the full B3LYP/PCM candidate pool,conformer_candidate,full_b3lyp_pcm_candidate_pool,b3lyp_pcm_candidate_pool,water,shared,water_pcm_water.log,data/calculations/calc_c2c9d57073565a33/record.json,-76.4666763644,1,1,0.0,True,calc_c2c9d57073565a33
full21_b3lyp_pcm,1_b3lyp_pcm,B3LYP / PCM,all_21,all balanced reaction quantities,lowest valid G within the full B3LYP/PCM candidate pool,conformer_candidate,full_b3lyp_pcm_candidate_pool,b3lyp_pcm_candidate_pool,xanthine,base,xanthine_pcm_water.log,data/calculations/calc_bdbb805e868e5608/record.json,-562.59009003,1,1,0.0,True,calc_bdbb805e868e5608
full21_b3lyp_pcm,1_b3lyp_pcm,B3LYP / PCM,all_21,all balanced reaction quantities,lowest valid G within the full B3LYP/PCM candidate pool,conformer_candidate,full_b3lyp_pcm_candidate_pool,b3lyp_pcm_candidate_pool,xanthine_ribose,nucleoside,xanthine_ribose_conf1_pcm_water.log,data/calculations/calc_33836914b1f80b7f/record.json,-1058.86644694,1,6,0.0,True,calc_33836914b1f80b7f
full21_b3lyp_pcm,1_b3lyp_pcm,B3LYP / PCM,all_21,all balanced reaction quantities,lowest valid G within the full B3LYP/PCM candidate pool,conformer_candidate,full_b3lyp_pcm_candidate_pool,b3lyp_pcm_candidate_pool,xanthine_ribose_phosphate,nucleotide,xanthine_ribose_phosphate_dft_seed_pcm_water.log,data/calculations/calc_f79711e8c20fd629/record.json,-1626.72971776,1,6,0.0,True,calc_f79711e8c20fd629
method_sensitivity10_1_b3lyp_pcm,1_b3lyp_pcm,B3LYP / PCM,targeted_10,net nucleotide formation,lowest valid G from the full B3LYP/PCM conformer pool,conformer_candidate,full_b3lyp_pcm_candidate_pool,b3lyp_pcm_candidate_pool,adenine,base,adenine_pcm_water.log,data/calculations/calc_579b225d5746d6f9/record.json,-467.411776062,1,1,0.0,True,calc_579b225d5746d6f9
method_sensitivity10_1_b3lyp_pcm,1_b3lyp_pcm,B3LYP / PCM,targeted_10,net nucleotide formation,lowest valid G from the full B3LYP/PCM conformer pool,conformer_candidate,full_b3lyp_pcm_candidate_pool,b3lyp_pcm_candidate_pool,adenine_ribose_phosphate,nucleotide,adenine_ribose_phosphate_conf13_pcm_water.log,data/calculations/calc_565406d4de58dfbc/record.json,-1531.56611465,1,6,0.0,True,calc_565406d4de58dfbc
method_sensitivity10_1_b3lyp_pcm,1_b3lyp_pcm,B3LYP / PCM,targeted_10,net nucleotide formation,lowest valid G from the full B3LYP/PCM conformer pool,conformer_candidate,full_b3lyp_pcm_candidate_pool,b3lyp_pcm_candidate_pool,barbituric_acid,base,barbituric_acid_pcm_water.log,data/calculations/calc_83ba274204495cdc/record.json,-490.202518283,1,1,0.0,True,calc_83ba274204495cdc
method_sensitivity10_1_b3lyp_pcm,1_b3lyp_pcm,B3LYP / PCM,targeted_10,net nucleotide formation,lowest valid G from the full B3LYP/PCM conformer pool,conformer_candidate,full_b3lyp_pcm_candidate_pool,b3lyp_pcm_candidate_pool,barbituric_acid_clink_ribose_phosphate,nucleotide,barbituric_acid_Clink_ribose_phosphate_conf1_pcm_water.log,data/calculations/calc_30c04d4de5da70b4/record.json,-1554.34709075,1,5,0.0,True,calc_30c04d4de5da70b4
method_sensitivity10_1_b3lyp_pcm,1_b3lyp_pcm,B3LYP / PCM,targeted_10,net nucleotide formation,lowest valid G from the full B3LYP/PCM conformer pool,conformer_candidate,full_b3lyp_pcm_candidate_pool,b3lyp_pcm_candidate_pool,cytosine,base,cytosine_pcm_water.log,data/calculations/calc_134efc3e90289083/record.json,-395.027078634,1,1,0.0,True,calc_134efc3e90289083
method_sensitivity10_1_b3lyp_pcm,1_b3lyp_pcm,B3LYP / PCM,targeted_10,net nucleotide formation,lowest valid G from the full B3LYP/PCM conformer pool,conformer_candidate,full_b3lyp_pcm_candidate_pool,b3lyp_pcm_candidate_pool,cytosine_ribose_phosphate,nucleotide,cytosine_ribose_phosphate_conf2_pcm_water.log,data/calculations/calc_fff03848f43180e0/record.json,-1459.18085061,1,7,0.0,True,calc_fff03848f43180e0
method_sensitivity10_1_b3lyp_pcm,1_b3lyp_pcm,B3LYP / PCM,targeted_10,net nucleotide formation,lowest valid G from the full B3LYP/PCM conformer pool,conformer_candidate,full_b3lyp_pcm_candidate_pool,b3lyp_pcm_candidate_pool,guanine,base,guanine_pcm_water.log,data/calculations/calc_a091e116d6de97ca/record.json,-542.688635019,1,1,0.0,True,calc_a091e116d6de97ca
method_sensitivity10_1_b3lyp_pcm,1_b3lyp_pcm,B3LYP / PCM,targeted_10,net nucleotide formation,lowest valid G from the full B3LYP/PCM conformer pool,conformer_candidate,full_b3lyp_pcm_candidate_pool,b3lyp_pcm_candidate_pool,guanine_ribose_phosphate,nucleotide,guanine_ribose_phosphate_conf87_pcm_water.log,data/calculations/calc_5cbeee002649ab4c/record.json,-1606.83475695,1,7,0.0,True,calc_5cbeee002649ab4c
method_sensitivity10_1_b3lyp_pcm,1_b3lyp_pcm,B3LYP / PCM,targeted_10,net nucleotide formation,lowest valid G from the full B3LYP/PCM conformer pool,conformer_candidate,full_b3lyp_pcm_candidate_pool,b3lyp_pcm_candidate_pool,imidazole,base,imidazole_pcm_water.log,data/calculations/calc_86aab83ecc0914ce/record.json,-226.263318163,1,1,0.0,True,calc_86aab83ecc0914ce
method_sensitivity10_1_b3lyp_pcm,1_b3lyp_pcm,B3LYP / PCM,targeted_10,net nucleotide formation,lowest valid G from the full B3LYP/PCM conformer pool,conformer_candidate,full_b3lyp_pcm_candidate_pool,b3lyp_pcm_candidate_pool,imidazole_ribose_phosphate,nucleotide,imidazole_ribose_phosphate_conf11_pcm_water.log,data/calculations/calc_0fc80346cb0cfb89/record.json,-1290.41066676,1,7,0.0,True,calc_0fc80346cb0cfb89
method_sensitivity10_1_b3lyp_pcm,1_b3lyp_pcm,B3LYP / PCM,targeted_10,net nucleotide formation,lowest valid G from the full B3LYP/PCM conformer pool,conformer_candidate,full_b3lyp_pcm_candidate_pool,b3lyp_pcm_candidate_pool,melamine,base,melamine_pcm_water.log,data/calculations/calc_33fca431883e2cd5/record.json,-446.598259299,1,1,0.0,True,calc_33fca431883e2cd5
method_sensitivity10_1_b3lyp_pcm,1_b3lyp_pcm,B3LYP / PCM,targeted_10,net nucleotide formation,lowest valid G from the full B3LYP/PCM conformer pool,conformer_candidate,full_b3lyp_pcm_candidate_pool,b3lyp_pcm_candidate_pool,melamine_ribose_phosphate,nucleotide,melamine_ribose_phosphate_conf79_pcm_water.log,data/calculations/calc_461032b033f7667d/record.json,-1510.7466947500002,1,7,0.0,True,calc_461032b033f7667d
method_sensitivity10_1_b3lyp_pcm,1_b3lyp_pcm,B3LYP / PCM,targeted_10,net nucleotide formation,lowest valid G from the full B3LYP/PCM conformer pool,conformer_candidate,full_b3lyp_pcm_candidate_pool,b3lyp_pcm_candidate_pool,phosphate,shared,phosphate_pcm_water.log,data/calculations/calc_70d17d7b51860fde/record.json,-644.333197165,1,1,0.0,True,calc_70d17d7b51860fde
method_sensitivity10_1_b3lyp_pcm,1_b3lyp_pcm,B3LYP / PCM,targeted_10,net nucleotide formation,lowest valid G from the full B3LYP/PCM conformer pool,conformer_candidate,full_b3lyp_pcm_candidate_pool,b3lyp_pcm_candidate_pool,ribose,shared,ribose_conf24_pcm_water.log,data/calculations/calc_d2fbb85799b12c43/record.json,-572.747731619,1,5,0.0,True,calc_d2fbb85799b12c43
method_sensitivity10_1_b3lyp_pcm,1_b3lyp_pcm,B3LYP / PCM,targeted_10,net nucleotide formation,lowest valid G from the full B3LYP/PCM conformer pool,conformer_candidate,full_b3lyp_pcm_candidate_pool,b3lyp_pcm_candidate_pool,tap_c5link,base,tap_C5link_pcm_water.log,data/calculations/calc_4e2e0861eea37088/record.json,-430.518375734,1,1,0.0,True,calc_4e2e0861eea37088
method_sensitivity10_1_b3lyp_pcm,1_b3lyp_pcm,B3LYP / PCM,targeted_10,net nucleotide formation,lowest valid G from the full B3LYP/PCM conformer pool,conformer_candidate,full_b3lyp_pcm_candidate_pool,b3lyp_pcm_candidate_pool,tap_c5link_ribose_phosphate,nucleotide,tap_C5link_ribose_phosphate_dft_seed_pcm_water.log,data/calculations/calc_a213de3c3663f8eb/record.json,-1494.66493383,1,7,0.0,True,calc_a213de3c3663f8eb
method_sensitivity10_1_b3lyp_pcm,1_b3lyp_pcm,B3LYP / PCM,targeted_10,net nucleotide formation,lowest valid G from the full B3LYP/PCM conformer pool,conformer_candidate,full_b3lyp_pcm_candidate_pool,b3lyp_pcm_candidate_pool,thymine,base,thymine_pcm_water.log,data/calculations/calc_ee198384f6ddcdec/record.json,-454.237590453,1,1,0.0,True,calc_ee198384f6ddcdec
method_sensitivity10_1_b3lyp_pcm,1_b3lyp_pcm,B3LYP / PCM,targeted_10,net nucleotide formation,lowest valid G from the full B3LYP/PCM conformer pool,conformer_candidate,full_b3lyp_pcm_candidate_pool,b3lyp_pcm_candidate_pool,thymine_ribose_phosphate,nucleotide,thymine_ribose_phosphate_conf46_pcm_water.log,data/calculations/calc_f9c40765bb129d1a/record.json,-1518.37939226,1,7,0.0,True,calc_f9c40765bb129d1a
method_sensitivity10_1_b3lyp_pcm,1_b3lyp_pcm,B3LYP / PCM,targeted_10,net nucleotide formation,lowest valid G from the full B3LYP/PCM conformer pool,conformer_candidate,full_b3lyp_pcm_candidate_pool,b3lyp_pcm_candidate_pool,uracil,base,uracil_pcm_water.log,data/calculations/calc_f39698ab11c8d629/record.json,-414.93206767,1,1,0.0,True,calc_f39698ab11c8d629
method_sensitivity10_1_b3lyp_pcm,1_b3lyp_pcm,B3LYP / PCM,targeted_10,net nucleotide formation,lowest valid G from the full B3LYP/PCM conformer pool,conformer_candidate,full_b3lyp_pcm_candidate_pool,b3lyp_pcm_candidate_pool,uracil_ribose_phosphate,nucleotide,uracil_ribose_phosphate_conf65_pcm_water.log,data/calculations/calc_0c1c835dc0af3a7d/record.json,-1479.07380906,1,7,0.0,True,calc_0c1c835dc0af3a7d
method_sensitivity10_1_b3lyp_pcm,1_b3lyp_pcm,B3LYP / PCM,targeted_10,net nucleotide formation,lowest valid G from the full B3LYP/PCM conformer pool,conformer_candidate,full_b3lyp_pcm_candidate_pool,b3lyp_pcm_candidate_pool,water,shared,water_pcm_water.log,data/calculations/calc_c2c9d57073565a33/record.json,-76.4666763644,1,1,0.0,True,calc_c2c9d57073565a33
method_sensitivity10_1_b3lyp_pcm,1_b3lyp_pcm,B3LYP / PCM,targeted_10,net nucleotide formation,lowest valid G from the full B3LYP/PCM conformer pool,conformer_candidate,full_b3lyp_pcm_candidate_pool,b3lyp_pcm_candidate_pool,xanthine,base,xanthine_pcm_water.log,data/calculations/calc_bdbb805e868e5608/record.json,-562.59009003,1,1,0.0,True,calc_bdbb805e868e5608
method_sensitivity10_1_b3lyp_pcm,1_b3lyp_pcm,B3LYP / PCM,targeted_10,net nucleotide formation,lowest valid G from the full B3LYP/PCM conformer pool,conformer_candidate,full_b3lyp_pcm_candidate_pool,b3lyp_pcm_candidate_pool,xanthine_ribose_phosphate,nucleotide,xanthine_ribose_phosphate_dft_seed_pcm_water.log,data/calculations/calc_f79711e8c20fd629/record.json,-1626.72971776,1,6,0.0,True,calc_f79711e8c20fd629
canonical_nucleoside5_1_b3lyp_pcm,1_b3lyp_pcm,B3LYP / PCM,canonical_5,nucleoside formation thermochemistry,lowest valid G from the full B3LYP/PCM conformer pool,conformer_candidate,full_b3lyp_pcm_candidate_pool,b3lyp_pcm_candidate_pool,adenine,base,adenine_pcm_water.log,data/calculations/calc_579b225d5746d6f9/record.json,-467.411776062,1,1,0.0,True,calc_579b225d5746d6f9
canonical_nucleoside5_1_b3lyp_pcm,1_b3lyp_pcm,B3LYP / PCM,canonical_5,nucleoside formation thermochemistry,lowest valid G from the full B3LYP/PCM conformer pool,conformer_candidate,full_b3lyp_pcm_candidate_pool,b3lyp_pcm_candidate_pool,adenine_ribose,nucleoside,adenine_ribose_conf1_pcm_water.log,data/calculations/calc_c35c5f7936f0c4ab/record.json,-963.698278779,1,5,0.0,True,calc_c35c5f7936f0c4ab
canonical_nucleoside5_1_b3lyp_pcm,1_b3lyp_pcm,B3LYP / PCM,canonical_5,nucleoside formation thermochemistry,lowest valid G from the full B3LYP/PCM conformer pool,conformer_candidate,full_b3lyp_pcm_candidate_pool,b3lyp_pcm_candidate_pool,cytosine,base,cytosine_pcm_water.log,data/calculations/calc_134efc3e90289083/record.json,-395.027078634,1,1,0.0,True,calc_134efc3e90289083
canonical_nucleoside5_1_b3lyp_pcm,1_b3lyp_pcm,B3LYP / PCM,canonical_5,nucleoside formation thermochemistry,lowest valid G from the full B3LYP/PCM conformer pool,conformer_candidate,full_b3lyp_pcm_candidate_pool,b3lyp_pcm_candidate_pool,cytosine_ribose,nucleoside,cytosine_ribose_conf1_pcm_water.log,data/calculations/calc_70a1afe23b704cc1/record.json,-891.3112308679999,1,6,0.0,True,calc_70a1afe23b704cc1
canonical_nucleoside5_1_b3lyp_pcm,1_b3lyp_pcm,B3LYP / PCM,canonical_5,nucleoside formation thermochemistry,lowest valid G from the full B3LYP/PCM conformer pool,conformer_candidate,full_b3lyp_pcm_candidate_pool,b3lyp_pcm_candidate_pool,guanine,base,guanine_pcm_water.log,data/calculations/calc_a091e116d6de97ca/record.json,-542.688635019,1,1,0.0,True,calc_a091e116d6de97ca
canonical_nucleoside5_1_b3lyp_pcm,1_b3lyp_pcm,B3LYP / PCM,canonical_5,nucleoside formation thermochemistry,lowest valid G from the full B3LYP/PCM conformer pool,conformer_candidate,full_b3lyp_pcm_candidate_pool,b3lyp_pcm_candidate_pool,guanine_ribose,nucleoside,guanine_ribose_conf1_pcm_water.log,data/calculations/calc_1c737c8a2a03ac94/record.json,-1038.97101015,1,5,0.0,True,calc_1c737c8a2a03ac94
canonical_nucleoside5_1_b3lyp_pcm,1_b3lyp_pcm,B3LYP / PCM,canonical_5,nucleoside formation thermochemistry,lowest valid G from the full B3LYP/PCM conformer pool,conformer_candidate,full_b3lyp_pcm_candidate_pool,b3lyp_pcm_candidate_pool,ribose,shared,ribose_conf24_pcm_water.log,data/calculations/calc_d2fbb85799b12c43/record.json,-572.747731619,1,5,0.0,True,calc_d2fbb85799b12c43
canonical_nucleoside5_1_b3lyp_pcm,1_b3lyp_pcm,B3LYP / PCM,canonical_5,nucleoside formation thermochemistry,lowest valid G from the full B3LYP/PCM conformer pool,conformer_candidate,full_b3lyp_pcm_candidate_pool,b3lyp_pcm_candidate_pool,thymine,base,thymine_pcm_water.log,data/calculations/calc_ee198384f6ddcdec/record.json,-454.237590453,1,1,0.0,True,calc_ee198384f6ddcdec
canonical_nucleoside5_1_b3lyp_pcm,1_b3lyp_pcm,B3LYP / PCM,canonical_5,nucleoside formation thermochemistry,lowest valid G from the full B3LYP/PCM conformer pool,conformer_candidate,full_b3lyp_pcm_candidate_pool,b3lyp_pcm_candidate_pool,thymine_ribose,nucleoside,thymine_ribose_conf2_pcm_water.log,data/calculations/calc_7f0e4ef6f3f32803/record.json,-950.512922182,1,6,0.0,True,calc_7f0e4ef6f3f32803
canonical_nucleoside5_1_b3lyp_pcm,1_b3lyp_pcm,B3LYP / PCM,canonical_5,nucleoside formation thermochemistry,lowest valid G from the full B3LYP/PCM conformer pool,conformer_candidate,full_b3lyp_pcm_candidate_pool,b3lyp_pcm_candidate_pool,uracil,base,uracil_pcm_water.log,data/calculations/calc_f39698ab11c8d629/record.json,-414.93206767,1,1,0.0,True,calc_f39698ab11c8d629
canonical_nucleoside5_1_b3lyp_pcm,1_b3lyp_pcm,B3LYP / PCM,canonical_5,nucleoside formation thermochemistry,lowest valid G from the full B3LYP/PCM conformer pool,conformer_candidate,full_b3lyp_pcm_candidate_pool,b3lyp_pcm_candidate_pool,uracil_ribose,nucleoside,uracil_ribose_conf4_pcm_water.log,data/calculations/calc_12fd1c0e255a1a86/record.json,-911.207407878,1,6,0.0,True,calc_12fd1c0e255a1a86
canonical_nucleoside5_1_b3lyp_pcm,1_b3lyp_pcm,B3LYP / PCM,canonical_5,nucleoside formation thermochemistry,lowest valid G from the full B3LYP/PCM conformer pool,conformer_candidate,full_b3lyp_pcm_candidate_pool,b3lyp_pcm_candidate_pool,water,shared,water_pcm_water.log,data/calculations/calc_c2c9d57073565a33/record.json,-76.4666763644,1,1,0.0,True,calc_c2c9d57073565a33
method_sensitivity10_2_b3lyp_smd,2_b3lyp_smd,B3LYP / SMD,targeted_10,net nucleotide formation,required transferred nucleotide reoptimized from the selected B3LYP/PCM conformer,method_matched_reference,single_reference_structure,historical_method_matched_reference,adenine,base,adenine_smd_water.log,data/calculations/calc_9649b970f6180fd9/record.json,-467.426438862,1,1,0.0,True,calc_9649b970f6180fd9
method_sensitivity10_2_b3lyp_smd,2_b3lyp_smd,B3LYP / SMD,targeted_10,net nucleotide formation,required transferred nucleotide reoptimized from the selected B3LYP/PCM conformer,required_transferred_nucleotide,single_transferred_seed_reoptimized,lowest_G_sampled_b3lyp_pcm_conformer,adenine_ribose_phosphate,nucleotide,adenine_ribose_phosphate_conf13_b3lyp_smd_water.log,data/calculations/calc_3f6f1383e4bebc9b/record.json,-1531.58924005,1,1,0.0,True,calc_3f6f1383e4bebc9b
method_sensitivity10_2_b3lyp_smd,2_b3lyp_smd,B3LYP / SMD,targeted_10,net nucleotide formation,required transferred nucleotide reoptimized from the selected B3LYP/PCM conformer,method_matched_reference,single_reference_structure,historical_method_matched_reference,barbituric_acid,base,barbituric_acid_Clink_smd_water.log,data/calculations/calc_1aa4f60ffba16a6a/record.json,-490.212015061,1,1,0.0,True,calc_1aa4f60ffba16a6a
method_sensitivity10_2_b3lyp_smd,2_b3lyp_smd,B3LYP / SMD,targeted_10,net nucleotide formation,required transferred nucleotide reoptimized from the selected B3LYP/PCM conformer,required_transferred_nucleotide,single_transferred_seed_reoptimized,lowest_G_sampled_b3lyp_pcm_conformer,barbituric_acid_clink_ribose_phosphate,nucleotide,barbituric_acid_Clink_ribose_phosphate_conf1_b3lyp_smd_water.log,data/calculations/calc_bef6afd4641d618b/record.json,-1554.37035833,1,1,0.0,True,calc_bef6afd4641d618b
method_sensitivity10_2_b3lyp_smd,2_b3lyp_smd,B3LYP / SMD,targeted_10,net nucleotide formation,required transferred nucleotide reoptimized from the selected B3LYP/PCM conformer,method_matched_reference,single_reference_structure,historical_method_matched_reference,cytosine,base,cytosine_smd_water.log,data/calculations/calc_c3eaf19d830458a1/record.json,-395.039155318,1,1,0.0,True,calc_c3eaf19d830458a1
method_sensitivity10_2_b3lyp_smd,2_b3lyp_smd,B3LYP / SMD,targeted_10,net nucleotide formation,required transferred nucleotide reoptimized from the selected B3LYP/PCM conformer,required_transferred_nucleotide,single_transferred_seed_reoptimized,lowest_G_sampled_b3lyp_pcm_conformer,cytosine_ribose_phosphate,nucleotide,cytosine_ribose_phosphate_conf2_b3lyp_smd_water.log,data/calculations/calc_b4571a7fcbb4cd5c/record.json,-1459.2034288,1,1,0.0,True,calc_b4571a7fcbb4cd5c
method_sensitivity10_2_b3lyp_smd,2_b3lyp_smd,B3LYP / SMD,targeted_10,net nucleotide formation,required transferred nucleotide reoptimized from the selected B3LYP/PCM conformer,method_matched_reference,single_reference_structure,historical_method_matched_reference,guanine,base,guanine_smd_water.log,data/calculations/calc_8109f6c7007fd17d/record.json,-542.704716701,1,1,0.0,True,calc_8109f6c7007fd17d
method_sensitivity10_2_b3lyp_smd,2_b3lyp_smd,B3LYP / SMD,targeted_10,net nucleotide formation,required transferred nucleotide reoptimized from the selected B3LYP/PCM conformer,required_transferred_nucleotide,single_transferred_seed_reoptimized,lowest_G_sampled_b3lyp_pcm_conformer,guanine_ribose_phosphate,nucleotide,guanine_ribose_phosphate_conf87_b3lyp_smd_water.log,data/calculations/calc_1c2488b3474f84f1/record.json,-1606.86405304,1,1,0.0,True,calc_1c2488b3474f84f1
method_sensitivity10_2_b3lyp_smd,2_b3lyp_smd,B3LYP / SMD,targeted_10,net nucleotide formation,required transferred nucleotide reoptimized from the selected B3LYP/PCM conformer,method_matched_reference,single_reference_structure,historical_method_matched_reference,imidazole,base,imidazole_smd_water.log,data/calculations/calc_f25e3854ff8505f5/record.json,-226.267084613,1,1,0.0,True,calc_f25e3854ff8505f5
method_sensitivity10_2_b3lyp_smd,2_b3lyp_smd,B3LYP / SMD,targeted_10,net nucleotide formation,required transferred nucleotide reoptimized from the selected B3LYP/PCM conformer,required_transferred_nucleotide,single_transferred_seed_reoptimized,lowest_G_sampled_b3lyp_pcm_conformer,imidazole_ribose_phosphate,nucleotide,imidazole_ribose_phosphate_conf11_b3lyp_smd_water.log,data/calculations/calc_de1243c4851a01a6/record.json,-1290.42646233,1,1,0.0,True,calc_de1243c4851a01a6
method_sensitivity10_2_b3lyp_smd,2_b3lyp_smd,B3LYP / SMD,targeted_10,net nucleotide formation,required transferred nucleotide reoptimized from the selected B3LYP/PCM conformer,method_matched_reference,single_reference_structure,historical_method_matched_reference,melamine,base,melamine_smd_water.log,data/calculations/calc_754078939221572d/record.json,-446.612250247,1,1,0.0,True,calc_754078939221572d
method_sensitivity10_2_b3lyp_smd,2_b3lyp_smd,B3LYP / SMD,targeted_10,net nucleotide formation,required transferred nucleotide reoptimized from the selected B3LYP/PCM conformer,required_transferred_nucleotide,single_transferred_seed_reoptimized,lowest_G_sampled_b3lyp_pcm_conformer,melamine_ribose_phosphate,nucleotide,melamine_ribose_phosphate_conf79_b3lyp_smd_water.log,data/calculations/calc_cd8ab4a93de415ca/record.json,-1510.77321658,1,1,0.0,True,calc_cd8ab4a93de415ca
method_sensitivity10_2_b3lyp_smd,2_b3lyp_smd,B3LYP / SMD,targeted_10,net nucleotide formation,required transferred nucleotide reoptimized from the selected B3LYP/PCM conformer,method_matched_reference,single_reference_structure,historical_method_matched_reference,phosphate,shared,phosphate_smd_water.log,data/calculations/calc_a647c5dbb36970fe/record.json,-644.3423083189999,1,1,0.0,True,calc_a647c5dbb36970fe
method_sensitivity10_2_b3lyp_smd,2_b3lyp_smd,B3LYP / SMD,targeted_10,net nucleotide formation,required transferred nucleotide reoptimized from the selected B3LYP/PCM conformer,method_matched_reference,single_reference_structure,historical_method_matched_reference,ribose,shared,ribose_smd_water.log,data/calculations/calc_d806614af126d622/record.json,-572.760649857,1,1,0.0,True,calc_d806614af126d622
method_sensitivity10_2_b3lyp_smd,2_b3lyp_smd,B3LYP / SMD,targeted_10,net nucleotide formation,required transferred nucleotide reoptimized from the selected B3LYP/PCM conformer,method_matched_reference,single_reference_structure,historical_method_matched_reference,tap_c5link,base,tap_C5link_smd_water.log,data/calculations/calc_cbdeb70572303b68/record.json,-430.529415016,1,1,0.0,True,calc_cbdeb70572303b68
method_sensitivity10_2_b3lyp_smd,2_b3lyp_smd,B3LYP / SMD,targeted_10,net nucleotide formation,required transferred nucleotide reoptimized from the selected B3LYP/PCM conformer,required_transferred_nucleotide,single_transferred_seed_reoptimized,lowest_G_sampled_b3lyp_pcm_conformer,tap_c5link_ribose_phosphate,nucleotide,tap_C5link_ribose_phosphate_dft_seed_b3lyp_smd_water.log,data/calculations/calc_d9f69c85a52fb242/record.json,-1494.69064311,1,1,0.0,True,calc_d9f69c85a52fb242
method_sensitivity10_2_b3lyp_smd,2_b3lyp_smd,B3LYP / SMD,targeted_10,net nucleotide formation,required transferred nucleotide reoptimized from the selected B3LYP/PCM conformer,method_matched_reference,single_reference_structure,historical_method_matched_reference,thymine,base,thymine_smd_water.log,data/calculations/calc_e889e882f0b960f8/record.json,-454.244069794,1,1,0.0,True,calc_e889e882f0b960f8
method_sensitivity10_2_b3lyp_smd,2_b3lyp_smd,B3LYP / SMD,targeted_10,net nucleotide formation,required transferred nucleotide reoptimized from the selected B3LYP/PCM conformer,required_transferred_nucleotide,single_transferred_seed_reoptimized,lowest_G_sampled_b3lyp_pcm_conformer,thymine_ribose_phosphate,nucleotide,thymine_ribose_phosphate_conf46_b3lyp_smd_water.log,data/calculations/calc_58f0b426ad841540/record.json,-1518.39915667,1,1,0.0,True,calc_58f0b426ad841540
method_sensitivity10_2_b3lyp_smd,2_b3lyp_smd,B3LYP / SMD,targeted_10,net nucleotide formation,required transferred nucleotide reoptimized from the selected B3LYP/PCM conformer,method_matched_reference,single_reference_structure,historical_method_matched_reference,uracil,base,uracil_smd_water.log,data/calculations/calc_51a7a22d7dc9dab4/record.json,-414.93911568,1,1,0.0,True,calc_51a7a22d7dc9dab4
method_sensitivity10_2_b3lyp_smd,2_b3lyp_smd,B3LYP / SMD,targeted_10,net nucleotide formation,required transferred nucleotide reoptimized from the selected B3LYP/PCM conformer,required_transferred_nucleotide,single_transferred_seed_reoptimized,lowest_G_sampled_b3lyp_pcm_conformer,uracil_ribose_phosphate,nucleotide,uracil_ribose_phosphate_conf65_b3lyp_smd_water.log,data/calculations/calc_ae9385daab161c6f/record.json,-1479.09284209,1,1,0.0,True,calc_ae9385daab161c6f
method_sensitivity10_2_b3lyp_smd,2_b3lyp_smd,B3LYP / SMD,targeted_10,net nucleotide formation,required transferred nucleotide reoptimized from the selected B3LYP/PCM conformer,method_matched_reference,single_reference_structure,historical_method_matched_reference,water,shared,water_smd_water.log,data/calculations/calc_365dba8199d0b0ba/record.json,-76.4711922137,1,1,0.0,True,calc_365dba8199d0b0ba
method_sensitivity10_2_b3lyp_smd,2_b3lyp_smd,B3LYP / SMD,targeted_10,net nucleotide formation,required transferred nucleotide reoptimized from the selected B3LYP/PCM conformer,method_matched_reference,single_reference_structure,historical_method_matched_reference,xanthine,base,xanthine_smd_water.log,data/calculations/calc_836ae49f6e3efb58/record.json,-562.60238642,1,1,0.0,True,calc_836ae49f6e3efb58
method_sensitivity10_2_b3lyp_smd,2_b3lyp_smd,B3LYP / SMD,targeted_10,net nucleotide formation,required transferred nucleotide reoptimized from the selected B3LYP/PCM conformer,required_transferred_nucleotide,single_transferred_seed_reoptimized,lowest_G_sampled_b3lyp_pcm_conformer,xanthine_ribose_phosphate,nucleotide,xanthine_ribose_phosphate_dft_seed_b3lyp_smd_water.log,data/calculations/calc_898ca1c71f1e1d6d/record.json,-1626.75876102,1,1,0.0,True,calc_898ca1c71f1e1d6d
canonical_nucleoside5_2_b3lyp_smd,2_b3lyp_smd,B3LYP / SMD,canonical_5,nucleoside formation thermochemistry,required transferred nucleoside reoptimized from the selected B3LYP/PCM conformer,method_matched_reference,single_reference_structure,historical_method_matched_reference,adenine,base,adenine_smd_water.log,data/calculations/calc_9649b970f6180fd9/record.json,-467.426438862,1,1,0.0,True,calc_9649b970f6180fd9
canonical_nucleoside5_2_b3lyp_smd,2_b3lyp_smd,B3LYP / SMD,canonical_5,nucleoside formation thermochemistry,required transferred nucleoside reoptimized from the selected B3LYP/PCM conformer,transferred_nucleoside,single_transferred_seed_reoptimized,lowest_G_sampled_b3lyp_pcm_conformer,adenine_ribose,nucleoside,adenine_ribose_conf1_b3lyp_smd_water.log,data/calculations/calc_c6137ff04773e906/record.json,-963.718228256,1,1,0.0,True,calc_c6137ff04773e906
canonical_nucleoside5_2_b3lyp_smd,2_b3lyp_smd,B3LYP / SMD,canonical_5,nucleoside formation thermochemistry,required transferred nucleoside reoptimized from the selected B3LYP/PCM conformer,method_matched_reference,single_reference_structure,historical_method_matched_reference,cytosine,base,cytosine_smd_water.log,data/calculations/calc_c3eaf19d830458a1/record.json,-395.039155318,1,1,0.0,True,calc_c3eaf19d830458a1
canonical_nucleoside5_2_b3lyp_smd,2_b3lyp_smd,B3LYP / SMD,canonical_5,nucleoside formation thermochemistry,required transferred nucleoside reoptimized from the selected B3LYP/PCM conformer,transferred_nucleoside,single_transferred_seed_reoptimized,lowest_G_sampled_b3lyp_pcm_conformer,cytosine_ribose,nucleoside,cytosine_ribose_conf1_b3lyp_smd_water.log,data/calculations/calc_1c065a2657004bf6/record.json,-891.328407353,1,1,0.0,True,calc_1c065a2657004bf6
canonical_nucleoside5_2_b3lyp_smd,2_b3lyp_smd,B3LYP / SMD,canonical_5,nucleoside formation thermochemistry,required transferred nucleoside reoptimized from the selected B3LYP/PCM conformer,method_matched_reference,single_reference_structure,historical_method_matched_reference,guanine,base,guanine_smd_water.log,data/calculations/calc_8109f6c7007fd17d/record.json,-542.704716701,1,1,0.0,True,calc_8109f6c7007fd17d
canonical_nucleoside5_2_b3lyp_smd,2_b3lyp_smd,B3LYP / SMD,canonical_5,nucleoside formation thermochemistry,required transferred nucleoside reoptimized from the selected B3LYP/PCM conformer,transferred_nucleoside,single_transferred_seed_reoptimized,lowest_G_sampled_b3lyp_pcm_conformer,guanine_ribose,nucleoside,guanine_ribose_conf1_b3lyp_smd_water.log,data/calculations/calc_fd81a1b48fd5ec81/record.json,-1038.99407222,1,1,0.0,True,calc_fd81a1b48fd5ec81
canonical_nucleoside5_2_b3lyp_smd,2_b3lyp_smd,B3LYP / SMD,canonical_5,nucleoside formation thermochemistry,required transferred nucleoside reoptimized from the selected B3LYP/PCM conformer,method_matched_reference,single_reference_structure,historical_method_matched_reference,ribose,shared,ribose_smd_water.log,data/calculations/calc_d806614af126d622/record.json,-572.760649857,1,1,0.0,True,calc_d806614af126d622
canonical_nucleoside5_2_b3lyp_smd,2_b3lyp_smd,B3LYP / SMD,canonical_5,nucleoside formation thermochemistry,required transferred nucleoside reoptimized from the selected B3LYP/PCM conformer,method_matched_reference,single_reference_structure,historical_method_matched_reference,thymine,base,thymine_smd_water.log,data/calculations/calc_e889e882f0b960f8/record.json,-454.244069794,1,1,0.0,True,calc_e889e882f0b960f8
canonical_nucleoside5_2_b3lyp_smd,2_b3lyp_smd,B3LYP / SMD,canonical_5,nucleoside formation thermochemistry,required transferred nucleoside reoptimized from the selected B3LYP/PCM conformer,transferred_nucleoside,single_transferred_seed_reoptimized,lowest_G_sampled_b3lyp_pcm_conformer,thymine_ribose,nucleoside,thymine_ribose_conf2_b3lyp_smd_water.log,data/calculations/calc_f8fbb2f87101a351/record.json,-950.527780268,1,1,0.0,True,calc_f8fbb2f87101a351
canonical_nucleoside5_2_b3lyp_smd,2_b3lyp_smd,B3LYP / SMD,canonical_5,nucleoside formation thermochemistry,required transferred nucleoside reoptimized from the selected B3LYP/PCM conformer,method_matched_reference,single_reference_structure,historical_method_matched_reference,uracil,base,uracil_smd_water.log,data/calculations/calc_51a7a22d7dc9dab4/record.json,-414.93911568,1,1,0.0,True,calc_51a7a22d7dc9dab4
canonical_nucleoside5_2_b3lyp_smd,2_b3lyp_smd,B3LYP / SMD,canonical_5,nucleoside formation thermochemistry,required transferred nucleoside reoptimized from the selected B3LYP/PCM conformer,transferred_nucleoside,single_transferred_seed_reoptimized,lowest_G_sampled_b3lyp_pcm_conformer,uracil_ribose,nucleoside,uracil_ribose_conf4_b3lyp_smd_water.log,data/calculations/calc_68badf35c7cc9a8a/record.json,-911.222631558,1,1,0.0,True,calc_68badf35c7cc9a8a
canonical_nucleoside5_2_b3lyp_smd,2_b3lyp_smd,B3LYP / SMD,canonical_5,nucleoside formation thermochemistry,required transferred nucleoside reoptimized from the selected B3LYP/PCM conformer,method_matched_reference,single_reference_structure,historical_method_matched_reference,water,shared,water_smd_water.log,data/calculations/calc_365dba8199d0b0ba/record.json,-76.4711922137,1,1,0.0,True,calc_365dba8199d0b0ba
method_sensitivity10_3_wb97xd_pcm,3_wb97xd_pcm,wB97X-D / PCM,targeted_10,net nucleotide formation,required transferred nucleotide reoptimized from the selected B3LYP/PCM conformer,method_matched_reference,single_reference_structure,historical_method_matched_reference,adenine,base,adenine_pcm_water.log,data/calculations/calc_dec3790c850e3be9/record.json,-467.247052856,1,1,0.0,True,calc_dec3790c850e3be9
method_sensitivity10_3_wb97xd_pcm,3_wb97xd_pcm,wB97X-D / PCM,targeted_10,net nucleotide formation,required transferred nucleotide reoptimized from the selected B3LYP/PCM conformer,required_transferred_nucleotide,single_transferred_seed_reoptimized,lowest_G_sampled_b3lyp_pcm_conformer,adenine_ribose_phosphate,nucleotide,adenine_ribose_phosphate_conf13_wb97xd_pcm_water.log,data/calculations/calc_72d490ce35cc1dce/record.json,-1531.16869142,1,1,0.0,True,calc_72d490ce35cc1dce
method_sensitivity10_3_wb97xd_pcm,3_wb97xd_pcm,wB97X-D / PCM,targeted_10,net nucleotide formation,required transferred nucleotide reoptimized from the selected B3LYP/PCM conformer,method_matched_reference,single_reference_structure,historical_method_matched_reference,barbituric_acid,base,barbituric_acid_Clink_pcm_water.log,data/calculations/calc_cad4d80b8fb69c59/record.json,-490.038880526,1,1,0.0,True,calc_cad4d80b8fb69c59
method_sensitivity10_3_wb97xd_pcm,3_wb97xd_pcm,wB97X-D / PCM,targeted_10,net nucleotide formation,required transferred nucleotide reoptimized from the selected B3LYP/PCM conformer,required_transferred_nucleotide,single_transferred_seed_reoptimized,lowest_G_sampled_b3lyp_pcm_conformer,barbituric_acid_clink_ribose_phosphate,nucleotide,barbituric_acid_Clink_ribose_phosphate_conf1_wb97xd_pcm_water.log,data/calculations/calc_a384fef795f11182/record.json,-1553.9518852,1,1,0.0,True,calc_a384fef795f11182
method_sensitivity10_3_wb97xd_pcm,3_wb97xd_pcm,wB97X-D / PCM,targeted_10,net nucleotide formation,required transferred nucleotide reoptimized from the selected B3LYP/PCM conformer,method_matched_reference,single_reference_structure,historical_method_matched_reference,cytosine,base,cytosine_pcm_water.log,data/calculations/calc_e9416c80bb20ba36/record.json,-394.887234897,1,1,0.0,True,calc_e9416c80bb20ba36
method_sensitivity10_3_wb97xd_pcm,3_wb97xd_pcm,wB97X-D / PCM,targeted_10,net nucleotide formation,required transferred nucleotide reoptimized from the selected B3LYP/PCM conformer,required_transferred_nucleotide,single_transferred_seed_reoptimized,lowest_G_sampled_b3lyp_pcm_conformer,cytosine_ribose_phosphate,nucleotide,cytosine_ribose_phosphate_conf2_wb97xd_pcm_water.log,data/calculations/calc_21d1ee35118554b9/record.json,-1458.80935742,1,1,0.0,True,calc_21d1ee35118554b9
method_sensitivity10_3_wb97xd_pcm,3_wb97xd_pcm,wB97X-D / PCM,targeted_10,net nucleotide formation,required transferred nucleotide reoptimized from the selected B3LYP/PCM conformer,method_matched_reference,single_reference_structure,historical_method_matched_reference,guanine,base,guanine_pcm_water.log,data/calculations/calc_54a013183407b3a3/record.json,-542.502498644,1,1,0.0,True,calc_54a013183407b3a3
method_sensitivity10_3_wb97xd_pcm,3_wb97xd_pcm,wB97X-D / PCM,targeted_10,net nucleotide formation,required transferred nucleotide reoptimized from the selected B3LYP/PCM conformer,required_transferred_nucleotide,single_transferred_seed_reoptimized,lowest_G_sampled_b3lyp_pcm_conformer,guanine_ribose_phosphate,nucleotide,guanine_ribose_phosphate_conf87_wb97xd_pcm_water.log,data/calculations/calc_4608e43cdd64d9f0/record.json,-1606.41463529,1,1,0.0,True,calc_4608e43cdd64d9f0
method_sensitivity10_3_wb97xd_pcm,3_wb97xd_pcm,wB97X-D / PCM,targeted_10,net nucleotide formation,required transferred nucleotide reoptimized from the selected B3LYP/PCM conformer,method_matched_reference,single_reference_structure,historical_method_matched_reference,imidazole,base,imidazole_pcm_water.log,data/calculations/calc_6e9313e7d80730f3/record.json,-226.180821809,1,1,0.0,True,calc_6e9313e7d80730f3
method_sensitivity10_3_wb97xd_pcm,3_wb97xd_pcm,wB97X-D / PCM,targeted_10,net nucleotide formation,required transferred nucleotide reoptimized from the selected B3LYP/PCM conformer,required_transferred_nucleotide,single_transferred_seed_reoptimized,lowest_G_sampled_b3lyp_pcm_conformer,imidazole_ribose_phosphate,nucleotide,imidazole_ribose_phosphate_conf11_wb97xd_pcm_water.log,data/calculations/calc_fbf471451571cf0f/record.json,-1290.0924522500002,1,1,0.0,True,calc_fbf471451571cf0f
method_sensitivity10_3_wb97xd_pcm,3_wb97xd_pcm,wB97X-D / PCM,targeted_10,net nucleotide formation,required transferred nucleotide reoptimized from the selected B3LYP/PCM conformer,method_matched_reference,single_reference_structure,historical_method_matched_reference,melamine,base,melamine_pcm_water.log,data/calculations/calc_4ad91875079a2fad/record.json,-446.445628203,1,1,0.0,True,calc_4ad91875079a2fad
method_sensitivity10_3_wb97xd_pcm,3_wb97xd_pcm,wB97X-D / PCM,targeted_10,net nucleotide formation,required transferred nucleotide reoptimized from the selected B3LYP/PCM conformer,required_transferred_nucleotide,single_transferred_seed_reoptimized,lowest_G_sampled_b3lyp_pcm_conformer,melamine_ribose_phosphate,nucleotide,melamine_ribose_phosphate_conf79_wb97xd_pcm_water.log,data/calculations/calc_8efe3a51a5020e3f/record.json,-1510.35526883,1,1,0.0,True,calc_8efe3a51a5020e3f
method_sensitivity10_3_wb97xd_pcm,3_wb97xd_pcm,wB97X-D / PCM,targeted_10,net nucleotide formation,required transferred nucleotide reoptimized from the selected B3LYP/PCM conformer,method_matched_reference,single_reference_structure,historical_method_matched_reference,phosphate,shared,phosphate_pcm_water.log,data/calculations/calc_9245a11b85b2f147/record.json,-644.216451634,1,1,0.0,True,calc_9245a11b85b2f147
method_sensitivity10_3_wb97xd_pcm,3_wb97xd_pcm,wB97X-D / PCM,targeted_10,net nucleotide formation,required transferred nucleotide reoptimized from the selected B3LYP/PCM conformer,method_matched_reference,single_reference_structure,historical_method_matched_reference,ribose,shared,ribose_pcm_water.log,data/calculations/calc_725de4a7fb1a69d0/record.json,-572.565374044,1,1,0.0,True,calc_725de4a7fb1a69d0
method_sensitivity10_3_wb97xd_pcm,3_wb97xd_pcm,wB97X-D / PCM,targeted_10,net nucleotide formation,required transferred nucleotide reoptimized from the selected B3LYP/PCM conformer,method_matched_reference,single_reference_structure,historical_method_matched_reference,tap_c5link,base,tap_C5link_pcm_water.log,data/calculations/calc_a8a11457d80de557/record.json,-430.3680852,1,1,0.0,True,calc_a8a11457d80de557
method_sensitivity10_3_wb97xd_pcm,3_wb97xd_pcm,wB97X-D / PCM,targeted_10,net nucleotide formation,required transferred nucleotide reoptimized from the selected B3LYP/PCM conformer,required_transferred_nucleotide,single_transferred_seed_reoptimized,lowest_G_sampled_b3lyp_pcm_conformer,tap_c5link_ribose_phosphate,nucleotide,tap_C5link_ribose_phosphate_dft_seed_wb97xd_pcm_water.log,data/calculations/calc_0e03544b3f79a3ba/record.json,-1494.28237072,1,1,0.0,True,calc_0e03544b3f79a3ba
method_sensitivity10_3_wb97xd_pcm,3_wb97xd_pcm,wB97X-D / PCM,targeted_10,net nucleotide formation,required transferred nucleotide reoptimized from the selected B3LYP/PCM conformer,method_matched_reference,single_reference_structure,historical_method_matched_reference,thymine,base,thymine_pcm_water.log,data/calculations/calc_ffad74f5dfb539ac/record.json,-454.081578602,1,1,0.0,True,calc_ffad74f5dfb539ac
method_sensitivity10_3_wb97xd_pcm,3_wb97xd_pcm,wB97X-D / PCM,targeted_10,net nucleotide formation,required transferred nucleotide reoptimized from the selected B3LYP/PCM conformer,required_transferred_nucleotide,single_transferred_seed_reoptimized,lowest_G_sampled_b3lyp_pcm_conformer,thymine_ribose_phosphate,nucleotide,thymine_ribose_phosphate_conf46_wb97xd_pcm_water.log,data/calculations/calc_ff2daa361198dfa7/record.json,-1517.99127664,1,1,0.0,True,calc_ff2daa361198dfa7
method_sensitivity10_3_wb97xd_pcm,3_wb97xd_pcm,wB97X-D / PCM,targeted_10,net nucleotide formation,required transferred nucleotide reoptimized from the selected B3LYP/PCM conformer,method_matched_reference,single_reference_structure,historical_method_matched_reference,uracil,base,uracil_pcm_water.log,data/calculations/calc_fca50a9c3ee1ba61/record.json,-414.788213964,1,1,0.0,True,calc_fca50a9c3ee1ba61
method_sensitivity10_3_wb97xd_pcm,3_wb97xd_pcm,wB97X-D / PCM,targeted_10,net nucleotide formation,required transferred nucleotide reoptimized from the selected B3LYP/PCM conformer,required_transferred_nucleotide,single_transferred_seed_reoptimized,lowest_G_sampled_b3lyp_pcm_conformer,uracil_ribose_phosphate,nucleotide,uracil_ribose_phosphate_conf65_wb97xd_pcm_water.log,data/calculations/calc_19b94a81657c0b6e/record.json,-1478.69407672,1,1,0.0,True,calc_19b94a81657c0b6e
method_sensitivity10_3_wb97xd_pcm,3_wb97xd_pcm,wB97X-D / PCM,targeted_10,net nucleotide formation,required transferred nucleotide reoptimized from the selected B3LYP/PCM conformer,method_matched_reference,single_reference_structure,historical_method_matched_reference,water,shared,water_pcm_water.log,data/calculations/calc_fa0571a74d6ffd71/record.json,-76.440373983,1,1,0.0,True,calc_fa0571a74d6ffd71
method_sensitivity10_3_wb97xd_pcm,3_wb97xd_pcm,wB97X-D / PCM,targeted_10,net nucleotide formation,required transferred nucleotide reoptimized from the selected B3LYP/PCM conformer,method_matched_reference,single_reference_structure,historical_method_matched_reference,xanthine,base,xanthine_pcm_water.log,data/calculations/calc_91cbaa5a06790e92/record.json,-562.39971382,1,1,0.0,True,calc_91cbaa5a06790e92
method_sensitivity10_3_wb97xd_pcm,3_wb97xd_pcm,wB97X-D / PCM,targeted_10,net nucleotide formation,required transferred nucleotide reoptimized from the selected B3LYP/PCM conformer,required_transferred_nucleotide,single_transferred_seed_reoptimized,lowest_G_sampled_b3lyp_pcm_conformer,xanthine_ribose_phosphate,nucleotide,xanthine_ribose_phosphate_dft_seed_wb97xd_pcm_water.log,data/calculations/calc_5cf0c9816a5806dc/record.json,-1626.30798721,1,1,0.0,True,calc_5cf0c9816a5806dc
canonical_nucleoside5_3_wb97xd_pcm,3_wb97xd_pcm,wB97X-D / PCM,canonical_5,nucleoside formation thermochemistry,required transferred nucleoside reoptimized from the selected B3LYP/PCM conformer,method_matched_reference,single_reference_structure,historical_method_matched_reference,adenine,base,adenine_pcm_water.log,data/calculations/calc_dec3790c850e3be9/record.json,-467.247052856,1,1,0.0,True,calc_dec3790c850e3be9
canonical_nucleoside5_3_wb97xd_pcm,3_wb97xd_pcm,wB97X-D / PCM,canonical_5,nucleoside formation thermochemistry,required transferred nucleoside reoptimized from the selected B3LYP/PCM conformer,transferred_nucleoside,single_transferred_seed_reoptimized,lowest_G_sampled_b3lyp_pcm_conformer,adenine_ribose,nucleoside,adenine_ribose_conf1_wb97xd_pcm_water.log,data/calculations/calc_122108fdc7a149c8/record.json,-963.389612042,1,1,0.0,True,calc_122108fdc7a149c8
canonical_nucleoside5_3_wb97xd_pcm,3_wb97xd_pcm,wB97X-D / PCM,canonical_5,nucleoside formation thermochemistry,required transferred nucleoside reoptimized from the selected B3LYP/PCM conformer,method_matched_reference,single_reference_structure,historical_method_matched_reference,cytosine,base,cytosine_pcm_water.log,data/calculations/calc_e9416c80bb20ba36/record.json,-394.887234897,1,1,0.0,True,calc_e9416c80bb20ba36
canonical_nucleoside5_3_wb97xd_pcm,3_wb97xd_pcm,wB97X-D / PCM,canonical_5,nucleoside formation thermochemistry,required transferred nucleoside reoptimized from the selected B3LYP/PCM conformer,transferred_nucleoside,single_transferred_seed_reoptimized,lowest_G_sampled_b3lyp_pcm_conformer,cytosine_ribose,nucleoside,cytosine_ribose_conf1_wb97xd_pcm_water.log,data/calculations/calc_63adf8eb5d64e352/record.json,-891.026874026,1,1,0.0,True,calc_63adf8eb5d64e352
canonical_nucleoside5_3_wb97xd_pcm,3_wb97xd_pcm,wB97X-D / PCM,canonical_5,nucleoside formation thermochemistry,required transferred nucleoside reoptimized from the selected B3LYP/PCM conformer,method_matched_reference,single_reference_structure,historical_method_matched_reference,guanine,base,guanine_pcm_water.log,data/calculations/calc_54a013183407b3a3/record.json,-542.502498644,1,1,0.0,True,calc_54a013183407b3a3
canonical_nucleoside5_3_wb97xd_pcm,3_wb97xd_pcm,wB97X-D / PCM,canonical_5,nucleoside formation thermochemistry,required transferred nucleoside reoptimized from the selected B3LYP/PCM conformer,transferred_nucleoside,single_transferred_seed_reoptimized,lowest_G_sampled_b3lyp_pcm_conformer,guanine_ribose,nucleoside,guanine_ribose_conf1_wb97xd_pcm_water.log,data/calculations/calc_0a6d29f4d7b4ec0e/record.json,-1038.6420342800002,1,1,0.0,True,calc_0a6d29f4d7b4ec0e
canonical_nucleoside5_3_wb97xd_pcm,3_wb97xd_pcm,wB97X-D / PCM,canonical_5,nucleoside formation thermochemistry,required transferred nucleoside reoptimized from the selected B3LYP/PCM conformer,method_matched_reference,single_reference_structure,historical_method_matched_reference,ribose,shared,ribose_pcm_water.log,data/calculations/calc_725de4a7fb1a69d0/record.json,-572.565374044,1,1,0.0,True,calc_725de4a7fb1a69d0
canonical_nucleoside5_3_wb97xd_pcm,3_wb97xd_pcm,wB97X-D / PCM,canonical_5,nucleoside formation thermochemistry,required transferred nucleoside reoptimized from the selected B3LYP/PCM conformer,method_matched_reference,single_reference_structure,historical_method_matched_reference,thymine,base,thymine_pcm_water.log,data/calculations/calc_ffad74f5dfb539ac/record.json,-454.081578602,1,1,0.0,True,calc_ffad74f5dfb539ac
canonical_nucleoside5_3_wb97xd_pcm,3_wb97xd_pcm,wB97X-D / PCM,canonical_5,nucleoside formation thermochemistry,required transferred nucleoside reoptimized from the selected B3LYP/PCM conformer,transferred_nucleoside,single_transferred_seed_reoptimized,lowest_G_sampled_b3lyp_pcm_conformer,thymine_ribose,nucleoside,thymine_ribose_conf2_wb97xd_pcm_water.log,data/calculations/calc_ea171598c8f74aae/record.json,-950.211848544,1,1,0.0,True,calc_ea171598c8f74aae
canonical_nucleoside5_3_wb97xd_pcm,3_wb97xd_pcm,wB97X-D / PCM,canonical_5,nucleoside formation thermochemistry,required transferred nucleoside reoptimized from the selected B3LYP/PCM conformer,method_matched_reference,single_reference_structure,historical_method_matched_reference,uracil,base,uracil_pcm_water.log,data/calculations/calc_fca50a9c3ee1ba61/record.json,-414.788213964,1,1,0.0,True,calc_fca50a9c3ee1ba61
canonical_nucleoside5_3_wb97xd_pcm,3_wb97xd_pcm,wB97X-D / PCM,canonical_5,nucleoside formation thermochemistry,required transferred nucleoside reoptimized from the selected B3LYP/PCM conformer,transferred_nucleoside,single_transferred_seed_reoptimized,lowest_G_sampled_b3lyp_pcm_conformer,uracil_ribose,nucleoside,uracil_ribose_conf4_wb97xd_pcm_water.log,data/calculations/calc_6d597551171e62f1/record.json,-910.917867336,1,1,0.0,True,calc_6d597551171e62f1
canonical_nucleoside5_3_wb97xd_pcm,3_wb97xd_pcm,wB97X-D / PCM,canonical_5,nucleoside formation thermochemistry,required transferred nucleoside reoptimized from the selected B3LYP/PCM conformer,method_matched_reference,single_reference_structure,historical_method_matched_reference,water,shared,water_pcm_water.log,data/calculations/calc_fa0571a74d6ffd71/record.json,-76.440373983,1,1,0.0,True,calc_fa0571a74d6ffd71
method_sensitivity10_4_wb97xd_smd,4_wb97xd_smd,wB97X-D / SMD,targeted_10,net nucleotide formation,required transferred nucleotide reoptimized from the selected B3LYP/PCM conformer,method_matched_reference,single_reference_structure,historical_method_matched_reference,adenine,base,adenine_smd_water.log,data/calculations/calc_d8fadd1e5364264f/record.json,-467.262107622,1,1,0.0,True,calc_d8fadd1e5364264f
method_sensitivity10_4_wb97xd_smd,4_wb97xd_smd,wB97X-D / SMD,targeted_10,net nucleotide formation,required transferred nucleotide reoptimized from the selected B3LYP/PCM conformer,required_transferred_nucleotide,single_transferred_seed_reoptimized,lowest_G_sampled_b3lyp_pcm_conformer,adenine_ribose_phosphate,nucleotide,adenine_ribose_phosphate_conf13_wb97xd_smd_water.log,data/calculations/calc_09eaa4c6091a5f08/record.json,-1531.19424706,1,1,0.0,True,calc_09eaa4c6091a5f08
method_sensitivity10_4_wb97xd_smd,4_wb97xd_smd,wB97X-D / SMD,targeted_10,net nucleotide formation,required transferred nucleotide reoptimized from the selected B3LYP/PCM conformer,method_matched_reference,single_reference_structure,historical_method_matched_reference,barbituric_acid,base,barbituric_acid_Clink_smd_water.log,data/calculations/calc_5687d6eeed8d267c/record.json,-490.048438892,1,1,0.0,True,calc_5687d6eeed8d267c
method_sensitivity10_4_wb97xd_smd,4_wb97xd_smd,wB97X-D / SMD,targeted_10,net nucleotide formation,required transferred nucleotide reoptimized from the selected B3LYP/PCM conformer,required_transferred_nucleotide,single_transferred_seed_reoptimized,lowest_G_sampled_b3lyp_pcm_conformer,barbituric_acid_clink_ribose_phosphate,nucleotide,barbituric_acid_Clink_ribose_phosphate_conf1_wb97xd_smd_water.log,data/calculations/calc_04f63a231dca7906/record.json,-1553.97615321,1,1,0.0,True,calc_04f63a231dca7906
method_sensitivity10_4_wb97xd_smd,4_wb97xd_smd,wB97X-D / SMD,targeted_10,net nucleotide formation,required transferred nucleotide reoptimized from the selected B3LYP/PCM conformer,method_matched_reference,single_reference_structure,historical_method_matched_reference,cytosine,base,cytosine_smd_water.log,data/calculations/calc_4b4dd9bef7f20064/record.json,-394.899758629,1,1,0.0,True,calc_4b4dd9bef7f20064
method_sensitivity10_4_wb97xd_smd,4_wb97xd_smd,wB97X-D / SMD,targeted_10,net nucleotide formation,required transferred nucleotide reoptimized from the selected B3LYP/PCM conformer,required_transferred_nucleotide,single_transferred_seed_reoptimized,lowest_G_sampled_b3lyp_pcm_conformer,cytosine_ribose_phosphate,nucleotide,cytosine_ribose_phosphate_conf2_wb97xd_smd_water.log,data/calculations/calc_bc421ebce09a5829/record.json,-1458.83125627,1,1,0.0,True,calc_bc421ebce09a5829
method_sensitivity10_4_wb97xd_smd,4_wb97xd_smd,wB97X-D / SMD,targeted_10,net nucleotide formation,required transferred nucleotide reoptimized from the selected B3LYP/PCM conformer,method_matched_reference,single_reference_structure,historical_method_matched_reference,guanine,base,guanine_smd_water.log,data/calculations/calc_8626fbd01c1c40ed/record.json,-542.51906141,1,1,0.0,True,calc_8626fbd01c1c40ed
method_sensitivity10_4_wb97xd_smd,4_wb97xd_smd,wB97X-D / SMD,targeted_10,net nucleotide formation,required transferred nucleotide reoptimized from the selected B3LYP/PCM conformer,required_transferred_nucleotide,single_transferred_seed_reoptimized,lowest_G_sampled_b3lyp_pcm_conformer,guanine_ribose_phosphate,nucleotide,guanine_ribose_phosphate_conf87_wb97xd_smd_water.log,data/calculations/calc_78f81024d1ff47cb/record.json,-1606.44338843,1,1,0.0,True,calc_78f81024d1ff47cb
method_sensitivity10_4_wb97xd_smd,4_wb97xd_smd,wB97X-D / SMD,targeted_10,net nucleotide formation,required transferred nucleotide reoptimized from the selected B3LYP/PCM conformer,method_matched_reference,single_reference_structure,historical_method_matched_reference,imidazole,base,imidazole_smd_water.log,data/calculations/calc_3a261bbad3062bff/record.json,-226.18485888,1,1,0.0,True,calc_3a261bbad3062bff
method_sensitivity10_4_wb97xd_smd,4_wb97xd_smd,wB97X-D / SMD,targeted_10,net nucleotide formation,required transferred nucleotide reoptimized from the selected B3LYP/PCM conformer,required_transferred_nucleotide,single_transferred_seed_reoptimized,lowest_G_sampled_b3lyp_pcm_conformer,imidazole_ribose_phosphate,nucleotide,imidazole_ribose_phosphate_conf11_wb97xd_smd_water.log,data/calculations/calc_0e4c7aa3a97c6d8c/record.json,-1290.1118563,1,1,0.0,True,calc_0e4c7aa3a97c6d8c
method_sensitivity10_4_wb97xd_smd,4_wb97xd_smd,wB97X-D / SMD,targeted_10,net nucleotide formation,required transferred nucleotide reoptimized from the selected B3LYP/PCM conformer,method_matched_reference,single_reference_structure,historical_method_matched_reference,melamine,base,melamine_smd_water.log,data/calculations/calc_1632baec8f23be35/record.json,-446.459704315,1,1,0.0,True,calc_1632baec8f23be35
method_sensitivity10_4_wb97xd_smd,4_wb97xd_smd,wB97X-D / SMD,targeted_10,net nucleotide formation,required transferred nucleotide reoptimized from the selected B3LYP/PCM conformer,required_transferred_nucleotide,single_transferred_seed_reoptimized,lowest_G_sampled_b3lyp_pcm_conformer,melamine_ribose_phosphate,nucleotide,melamine_ribose_phosphate_conf79_wb97xd_smd_water.log,data/calculations/calc_7a8ceeb16edf502a/record.json,-1510.38471324,1,1,0.0,True,calc_7a8ceeb16edf502a
method_sensitivity10_4_wb97xd_smd,4_wb97xd_smd,wB97X-D / SMD,targeted_10,net nucleotide formation,required transferred nucleotide reoptimized from the selected B3LYP/PCM conformer,method_matched_reference,single_reference_structure,historical_method_matched_reference,phosphate,shared,phosphate_smd_water.log,data/calculations/calc_dba554ab032f7da2/record.json,-644.226913319,1,1,0.0,True,calc_dba554ab032f7da2
method_sensitivity10_4_wb97xd_smd,4_wb97xd_smd,wB97X-D / SMD,targeted_10,net nucleotide formation,required transferred nucleotide reoptimized from the selected B3LYP/PCM conformer,method_matched_reference,single_reference_structure,historical_method_matched_reference,ribose,shared,ribose_smd_water.log,data/calculations/calc_73513eb6dbf3d59a/record.json,-572.582073948,1,1,0.0,True,calc_73513eb6dbf3d59a
method_sensitivity10_4_wb97xd_smd,4_wb97xd_smd,wB97X-D / SMD,targeted_10,net nucleotide formation,required transferred nucleotide reoptimized from the selected B3LYP/PCM conformer,method_matched_reference,single_reference_structure,historical_method_matched_reference,tap_c5link,base,tap_C5link_smd_water.log,data/calculations/calc_37224311d98c4c49/record.json,-430.379535656,1,1,0.0,True,calc_37224311d98c4c49
method_sensitivity10_4_wb97xd_smd,4_wb97xd_smd,wB97X-D / SMD,targeted_10,net nucleotide formation,required transferred nucleotide reoptimized from the selected B3LYP/PCM conformer,required_transferred_nucleotide,single_transferred_seed_reoptimized,lowest_G_sampled_b3lyp_pcm_conformer,tap_c5link_ribose_phosphate,nucleotide,tap_C5link_ribose_phosphate_dft_seed_wb97xd_smd_water.log,data/calculations/calc_7cd543fe94878ff7/record.json,-1494.30905415,1,1,0.0,True,calc_7cd543fe94878ff7
method_sensitivity10_4_wb97xd_smd,4_wb97xd_smd,wB97X-D / SMD,targeted_10,net nucleotide formation,required transferred nucleotide reoptimized from the selected B3LYP/PCM conformer,method_matched_reference,single_reference_structure,historical_method_matched_reference,thymine,base,thymine_smd_water.log,data/calculations/calc_1c7a5355de31f415/record.json,-454.088390205,1,1,0.0,True,calc_1c7a5355de31f415
method_sensitivity10_4_wb97xd_smd,4_wb97xd_smd,wB97X-D / SMD,targeted_10,net nucleotide formation,required transferred nucleotide reoptimized from the selected B3LYP/PCM conformer,required_transferred_nucleotide,single_transferred_seed_reoptimized,lowest_G_sampled_b3lyp_pcm_conformer,thymine_ribose_phosphate,nucleotide,thymine_ribose_phosphate_conf46_wb97xd_smd_water.log,data/calculations/calc_52d11e5c99c1522e/record.json,-1518.01072405,1,1,0.0,True,calc_52d11e5c99c1522e
method_sensitivity10_4_wb97xd_smd,4_wb97xd_smd,wB97X-D / SMD,targeted_10,net nucleotide formation,required transferred nucleotide reoptimized from the selected B3LYP/PCM conformer,method_matched_reference,single_reference_structure,historical_method_matched_reference,uracil,base,uracil_smd_water.log,data/calculations/calc_0f12ea6b595a93ec/record.json,-414.7955746539999,1,1,0.0,True,calc_0f12ea6b595a93ec
method_sensitivity10_4_wb97xd_smd,4_wb97xd_smd,wB97X-D / SMD,targeted_10,net nucleotide formation,required transferred nucleotide reoptimized from the selected B3LYP/PCM conformer,required_transferred_nucleotide,single_transferred_seed_reoptimized,lowest_G_sampled_b3lyp_pcm_conformer,uracil_ribose_phosphate,nucleotide,uracil_ribose_phosphate_conf65_wb97xd_smd_water.log,data/calculations/calc_3100ea350ac9136c/record.json,-1478.71585058,1,1,0.0,True,calc_3100ea350ac9136c
method_sensitivity10_4_wb97xd_smd,4_wb97xd_smd,wB97X-D / SMD,targeted_10,net nucleotide formation,required transferred nucleotide reoptimized from the selected B3LYP/PCM conformer,method_matched_reference,single_reference_structure,historical_method_matched_reference,water,shared,water_smd_water.log,data/calculations/calc_6f45fb9022587d2a/record.json,-76.4457381064,1,1,0.0,True,calc_6f45fb9022587d2a
method_sensitivity10_4_wb97xd_smd,4_wb97xd_smd,wB97X-D / SMD,targeted_10,net nucleotide formation,required transferred nucleotide reoptimized from the selected B3LYP/PCM conformer,method_matched_reference,single_reference_structure,historical_method_matched_reference,xanthine,base,xanthine_smd_water.log,data/calculations/calc_6e5426e1ce41021c/record.json,-562.412451156,1,1,0.0,True,calc_6e5426e1ce41021c
method_sensitivity10_4_wb97xd_smd,4_wb97xd_smd,wB97X-D / SMD,targeted_10,net nucleotide formation,required transferred nucleotide reoptimized from the selected B3LYP/PCM conformer,required_transferred_nucleotide,single_transferred_seed_reoptimized,lowest_G_sampled_b3lyp_pcm_conformer,xanthine_ribose_phosphate,nucleotide,xanthine_ribose_phosphate_dft_seed_wb97xd_smd_water.log,data/calculations/calc_65ed7cea79d02289/record.json,-1626.33738546,1,1,0.0,True,calc_65ed7cea79d02289
canonical_nucleoside5_4_wb97xd_smd,4_wb97xd_smd,wB97X-D / SMD,canonical_5,nucleoside formation thermochemistry,required transferred nucleoside reoptimized from the selected B3LYP/PCM conformer,method_matched_reference,single_reference_structure,historical_method_matched_reference,adenine,base,adenine_smd_water.log,data/calculations/calc_d8fadd1e5364264f/record.json,-467.262107622,1,1,0.0,True,calc_d8fadd1e5364264f
canonical_nucleoside5_4_wb97xd_smd,4_wb97xd_smd,wB97X-D / SMD,canonical_5,nucleoside formation thermochemistry,required transferred nucleoside reoptimized from the selected B3LYP/PCM conformer,transferred_nucleoside,single_transferred_seed_reoptimized,lowest_G_sampled_b3lyp_pcm_conformer,adenine_ribose,nucleoside,adenine_ribose_conf1_wb97xd_smd_water.log,data/calculations/calc_d6e0ee5600c77646/record.json,-963.409827579,1,1,0.0,True,calc_d6e0ee5600c77646
canonical_nucleoside5_4_wb97xd_smd,4_wb97xd_smd,wB97X-D / SMD,canonical_5,nucleoside formation thermochemistry,required transferred nucleoside reoptimized from the selected B3LYP/PCM conformer,method_matched_reference,single_reference_structure,historical_method_matched_reference,cytosine,base,cytosine_smd_water.log,data/calculations/calc_4b4dd9bef7f20064/record.json,-394.899758629,1,1,0.0,True,calc_4b4dd9bef7f20064
canonical_nucleoside5_4_wb97xd_smd,4_wb97xd_smd,wB97X-D / SMD,canonical_5,nucleoside formation thermochemistry,required transferred nucleoside reoptimized from the selected B3LYP/PCM conformer,transferred_nucleoside,single_transferred_seed_reoptimized,lowest_G_sampled_b3lyp_pcm_conformer,cytosine_ribose,nucleoside,cytosine_ribose_conf1_wb97xd_smd_water.log,data/calculations/calc_3c5a4da3a0e261eb/record.json,-891.043310227,1,1,0.0,True,calc_3c5a4da3a0e261eb
canonical_nucleoside5_4_wb97xd_smd,4_wb97xd_smd,wB97X-D / SMD,canonical_5,nucleoside formation thermochemistry,required transferred nucleoside reoptimized from the selected B3LYP/PCM conformer,method_matched_reference,single_reference_structure,historical_method_matched_reference,guanine,base,guanine_smd_water.log,data/calculations/calc_8626fbd01c1c40ed/record.json,-542.51906141,1,1,0.0,True,calc_8626fbd01c1c40ed
canonical_nucleoside5_4_wb97xd_smd,4_wb97xd_smd,wB97X-D / SMD,canonical_5,nucleoside formation thermochemistry,required transferred nucleoside reoptimized from the selected B3LYP/PCM conformer,transferred_nucleoside,single_transferred_seed_reoptimized,lowest_G_sampled_b3lyp_pcm_conformer,guanine_ribose,nucleoside,guanine_ribose_conf1_wb97xd_smd_water.log,data/calculations/calc_cfb3c19a9a0d5966/record.json,-1038.66634329,1,1,0.0,True,calc_cfb3c19a9a0d5966
canonical_nucleoside5_4_wb97xd_smd,4_wb97xd_smd,wB97X-D / SMD,canonical_5,nucleoside formation thermochemistry,required transferred nucleoside reoptimized from the selected B3LYP/PCM conformer,method_matched_reference,single_reference_structure,historical_method_matched_reference,ribose,shared,ribose_smd_water.log,data/calculations/calc_73513eb6dbf3d59a/record.json,-572.582073948,1,1,0.0,True,calc_73513eb6dbf3d59a
canonical_nucleoside5_4_wb97xd_smd,4_wb97xd_smd,wB97X-D / SMD,canonical_5,nucleoside formation thermochemistry,required transferred nucleoside reoptimized from the selected B3LYP/PCM conformer,method_matched_reference,single_reference_structure,historical_method_matched_reference,thymine,base,thymine_smd_water.log,data/calculations/calc_1c7a5355de31f415/record.json,-454.088390205,1,1,0.0,True,calc_1c7a5355de31f415
canonical_nucleoside5_4_wb97xd_smd,4_wb97xd_smd,wB97X-D / SMD,canonical_5,nucleoside formation thermochemistry,required transferred nucleoside reoptimized from the selected B3LYP/PCM conformer,transferred_nucleoside,single_transferred_seed_reoptimized,lowest_G_sampled_b3lyp_pcm_conformer,thymine_ribose,nucleoside,thymine_ribose_conf2_wb97xd_smd_water.log,data/calculations/calc_fd81a34f6634214c/record.json,-950.226705698,1,1,0.0,True,calc_fd81a34f6634214c
canonical_nucleoside5_4_wb97xd_smd,4_wb97xd_smd,wB97X-D / SMD,canonical_5,nucleoside formation thermochemistry,required transferred nucleoside reoptimized from the selected B3LYP/PCM conformer,method_matched_reference,single_reference_structure,historical_method_matched_reference,uracil,base,uracil_smd_water.log,data/calculations/calc_0f12ea6b595a93ec/record.json,-414.7955746539999,1,1,0.0,True,calc_0f12ea6b595a93ec
canonical_nucleoside5_4_wb97xd_smd,4_wb97xd_smd,wB97X-D / SMD,canonical_5,nucleoside formation thermochemistry,required transferred nucleoside reoptimized from the selected B3LYP/PCM conformer,transferred_nucleoside,single_transferred_seed_reoptimized,lowest_G_sampled_b3lyp_pcm_conformer,uracil_ribose,nucleoside,uracil_ribose_conf4_wb97xd_smd_water.log,data/calculations/calc_cc34f0ef71265eca/record.json,-910.933371458,1,1,0.0,True,calc_cc34f0ef71265eca
canonical_nucleoside5_4_wb97xd_smd,4_wb97xd_smd,wB97X-D / SMD,canonical_5,nucleoside formation thermochemistry,required transferred nucleoside reoptimized from the selected B3LYP/PCM conformer,method_matched_reference,single_reference_structure,historical_method_matched_reference,water,shared,water_smd_water.log,data/calculations/calc_6f45fb9022587d2a/record.json,-76.4457381064,1,1,0.0,True,calc_6f45fb9022587d2a
