display_order,reaction_family_id,family_display_name,canonical,reaction_id,path,step_order,reaction,reactants,products,missing_species,element_balance_residual,balanced,delta_g_kcal_mol,analysis_id,method_id,method_label,family_panel,reaction_scope,manuscript_status
1,adenine,Adenine,True,P1a_nucleoside_formation,Path 1,1,Adenine + Ribose -> Adenine nucleoside + Water,"{""adenine"": 1, ""ribose"": 1}","{""adenine_ribose"": 1, ""water"": 1}",,{},True,-3.4183342656467115,full21_b3lyp_pcm,1_b3lyp_pcm,B3LYP / PCM,all_21,all balanced reaction quantities,primary
1,adenine,Adenine,True,P1b_nucleotide_from_nucleoside,Path 1,2,Adenine nucleoside + Phosphoric acid (Phosphate) -> Adenine nucleotide + Water,"{""adenine_ribose"": 1, ""phosphate"": 1}","{""adenine_ribose_phosphate"": 1, ""water"": 1}",,{},True,-0.8252191351204263,full21_b3lyp_pcm,1_b3lyp_pcm,B3LYP / PCM,all_21,all balanced reaction quantities,primary
1,adenine,Adenine,True,P1_total_net_nucleotide_formation,Path 1,3,Adenine + Ribose + Phosphoric acid (Phosphate) -> Adenine nucleotide + 2 Water,"{""adenine"": 1, ""phosphate"": 1, ""ribose"": 1}","{""adenine_ribose_phosphate"": 1, ""water"": 2}",,{},True,-4.243553400767138,full21_b3lyp_pcm,1_b3lyp_pcm,B3LYP / PCM,all_21,all balanced reaction quantities,primary
1,adenine,Adenine,True,P2a_ribose_phosphate_formation,Path 2,1,Ribose + Phosphoric acid (Phosphate) -> Ribose-5-Phosphate + Water,"{""phosphate"": 1, ""ribose"": 1}","{""ribo_phosphate"": 1, ""water"": 1}",,{},True,-0.3773907237342092,full21_b3lyp_pcm,1_b3lyp_pcm,B3LYP / PCM,all_21,all balanced reaction quantities,primary
1,adenine,Adenine,True,P2b_nucleotide_from_ribophosphate,Path 2,2,Ribose-5-Phosphate + Adenine -> Adenine nucleotide + Water,"{""adenine"": 1, ""ribo_phosphate"": 1}","{""adenine_ribose_phosphate"": 1, ""water"": 1}",,{},True,-3.866162677032929,full21_b3lyp_pcm,1_b3lyp_pcm,B3LYP / PCM,all_21,all balanced reaction quantities,primary
1,adenine,Adenine,True,P2_total_net_nucleotide_formation,Path 2,3,Adenine + Ribose + Phosphoric acid (Phosphate) -> Adenine nucleotide + 2 Water,"{""adenine"": 1, ""phosphate"": 1, ""ribose"": 1}","{""adenine_ribose_phosphate"": 1, ""water"": 2}",,{},True,-4.243553400767138,full21_b3lyp_pcm,1_b3lyp_pcm,B3LYP / PCM,all_21,all balanced reaction quantities,primary
2,cytosine,Cytosine,True,P1a_nucleoside_formation,Path 1,1,Cytosine + Ribose -> Cytosine nucleoside + Water,"{""cytosine"": 1, ""ribose"": 1}","{""cytosine_ribose"": 1, ""water"": 1}",,{},True,-1.94338391445957,full21_b3lyp_pcm,1_b3lyp_pcm,B3LYP / PCM,all_21,all balanced reaction quantities,primary
2,cytosine,Cytosine,True,P1b_nucleotide_from_nucleoside,Path 1,2,Cytosine nucleoside + Phosphoric acid (Phosphate) -> Cytosine nucleotide + Water,"{""cytosine_ribose"": 1, ""phosphate"": 1}","{""cytosine_ribose_phosphate"": 1, ""water"": 1}",,{},True,-1.944615088011329,full21_b3lyp_pcm,1_b3lyp_pcm,B3LYP / PCM,all_21,all balanced reaction quantities,primary
2,cytosine,Cytosine,True,P1_total_net_nucleotide_formation,Path 1,3,Cytosine + Ribose + Phosphoric acid (Phosphate) -> Cytosine nucleotide + 2 Water,"{""cytosine"": 1, ""phosphate"": 1, ""ribose"": 1}","{""cytosine_ribose_phosphate"": 1, ""water"": 2}",,{},True,-3.887999002470899,full21_b3lyp_pcm,1_b3lyp_pcm,B3LYP / PCM,all_21,all balanced reaction quantities,primary
2,cytosine,Cytosine,True,P2a_ribose_phosphate_formation,Path 2,1,Ribose + Phosphoric acid (Phosphate) -> Ribose-5-Phosphate + Water,"{""phosphate"": 1, ""ribose"": 1}","{""ribo_phosphate"": 1, ""water"": 1}",,{},True,-0.3773907237342092,full21_b3lyp_pcm,1_b3lyp_pcm,B3LYP / PCM,all_21,all balanced reaction quantities,primary
2,cytosine,Cytosine,True,P2b_nucleotide_from_ribophosphate,Path 2,2,Ribose-5-Phosphate + Cytosine -> Cytosine nucleotide + Water,"{""cytosine"": 1, ""ribo_phosphate"": 1}","{""cytosine_ribose_phosphate"": 1, ""water"": 1}",,{},True,-3.5106082787366897,full21_b3lyp_pcm,1_b3lyp_pcm,B3LYP / PCM,all_21,all balanced reaction quantities,primary
2,cytosine,Cytosine,True,P2_total_net_nucleotide_formation,Path 2,3,Cytosine + Ribose + Phosphoric acid (Phosphate) -> Cytosine nucleotide + 2 Water,"{""cytosine"": 1, ""phosphate"": 1, ""ribose"": 1}","{""cytosine_ribose_phosphate"": 1, ""water"": 2}",,{},True,-3.887999002470899,full21_b3lyp_pcm,1_b3lyp_pcm,B3LYP / PCM,all_21,all balanced reaction quantities,primary
3,guanine,Guanine,True,P1a_nucleoside_formation,Path 1,1,Guanine + Ribose -> Guanine nucleoside + Water,"{""guanine"": 1, ""ribose"": 1}","{""guanine_ribose"": 1, ""water"": 1}",,{},True,-0.8282349455768161,full21_b3lyp_pcm,1_b3lyp_pcm,B3LYP / PCM,all_21,all balanced reaction quantities,primary
3,guanine,Guanine,True,P1b_nucleotide_from_nucleoside,Path 1,2,Guanine nucleoside + Phosphoric acid (Phosphate) -> Guanine nucleotide + Water,"{""guanine_ribose"": 1, ""phosphate"": 1}","{""guanine_ribose_phosphate"": 1, ""water"": 1}",,{},True,1.7407116576094577,full21_b3lyp_pcm,1_b3lyp_pcm,B3LYP / PCM,all_21,all balanced reaction quantities,primary
3,guanine,Guanine,True,P1_total_net_nucleotide_formation,Path 1,3,Guanine + Ribose + Phosphoric acid (Phosphate) -> Guanine nucleotide + 2 Water,"{""guanine"": 1, ""phosphate"": 1, ""ribose"": 1}","{""guanine_ribose_phosphate"": 1, ""water"": 2}",,{},True,0.9124767120326416,full21_b3lyp_pcm,1_b3lyp_pcm,B3LYP / PCM,all_21,all balanced reaction quantities,primary
3,guanine,Guanine,True,P2a_ribose_phosphate_formation,Path 2,1,Ribose + Phosphoric acid (Phosphate) -> Ribose-5-Phosphate + Water,"{""phosphate"": 1, ""ribose"": 1}","{""ribo_phosphate"": 1, ""water"": 1}",,{},True,-0.3773907237342092,full21_b3lyp_pcm,1_b3lyp_pcm,B3LYP / PCM,all_21,all balanced reaction quantities,primary
3,guanine,Guanine,True,P2b_nucleotide_from_ribophosphate,Path 2,2,Ribose-5-Phosphate + Guanine -> Guanine nucleotide + Water,"{""guanine"": 1, ""ribo_phosphate"": 1}","{""guanine_ribose_phosphate"": 1, ""water"": 1}",,{},True,1.289867435766851,full21_b3lyp_pcm,1_b3lyp_pcm,B3LYP / PCM,all_21,all balanced reaction quantities,primary
3,guanine,Guanine,True,P2_total_net_nucleotide_formation,Path 2,3,Guanine + Ribose + Phosphoric acid (Phosphate) -> Guanine nucleotide + 2 Water,"{""guanine"": 1, ""phosphate"": 1, ""ribose"": 1}","{""guanine_ribose_phosphate"": 1, ""water"": 2}",,{},True,0.9124767120326416,full21_b3lyp_pcm,1_b3lyp_pcm,B3LYP / PCM,all_21,all balanced reaction quantities,primary
4,thymine,Thymine,True,P1a_nucleoside_formation,Path 1,1,Thymine + Ribose -> Thymine nucleoside + Water,"{""ribose"": 1, ""thymine"": 1}","{""thymine_ribose"": 1, ""water"": 1}",,{},True,3.5915665390006803,full21_b3lyp_pcm,1_b3lyp_pcm,B3LYP / PCM,all_21,all balanced reaction quantities,primary
4,thymine,Thymine,True,P1b_nucleotide_from_nucleoside,Path 1,2,Thymine nucleoside + Phosphoric acid (Phosphate) -> Thymine nucleotide + Water,"{""phosphate"": 1, ""thymine_ribose"": 1}","{""thymine_ribose_phosphate"": 1, ""water"": 1}",,{},True,0.0318289120542317,full21_b3lyp_pcm,1_b3lyp_pcm,B3LYP / PCM,all_21,all balanced reaction quantities,primary
4,thymine,Thymine,True,P1_total_net_nucleotide_formation,Path 1,3,Thymine + Ribose + Phosphoric acid (Phosphate) -> Thymine nucleotide + 2 Water,"{""phosphate"": 1, ""ribose"": 1, ""thymine"": 1}","{""thymine_ribose_phosphate"": 1, ""water"": 2}",,{},True,3.623395451054912,full21_b3lyp_pcm,1_b3lyp_pcm,B3LYP / PCM,all_21,all balanced reaction quantities,primary
4,thymine,Thymine,True,P2a_ribose_phosphate_formation,Path 2,1,Ribose + Phosphoric acid (Phosphate) -> Ribose-5-Phosphate + Water,"{""phosphate"": 1, ""ribose"": 1}","{""ribo_phosphate"": 1, ""water"": 1}",,{},True,-0.3773907237342092,full21_b3lyp_pcm,1_b3lyp_pcm,B3LYP / PCM,all_21,all balanced reaction quantities,primary
4,thymine,Thymine,True,P2b_nucleotide_from_ribophosphate,Path 2,2,Ribose-5-Phosphate + Thymine -> Thymine nucleotide + Water,"{""ribo_phosphate"": 1, ""thymine"": 1}","{""thymine_ribose_phosphate"": 1, ""water"": 1}",,{},True,4.000786174789122,full21_b3lyp_pcm,1_b3lyp_pcm,B3LYP / PCM,all_21,all balanced reaction quantities,primary
4,thymine,Thymine,True,P2_total_net_nucleotide_formation,Path 2,3,Thymine + Ribose + Phosphoric acid (Phosphate) -> Thymine nucleotide + 2 Water,"{""phosphate"": 1, ""ribose"": 1, ""thymine"": 1}","{""thymine_ribose_phosphate"": 1, ""water"": 2}",,{},True,3.623395451054912,full21_b3lyp_pcm,1_b3lyp_pcm,B3LYP / PCM,all_21,all balanced reaction quantities,primary
5,uracil,Uracil,True,P1a_nucleoside_formation,Path 1,1,Uracil + Ribose -> Uracil nucleoside + Water,"{""ribose"": 1, ""uracil"": 1}","{""uracil_ribose"": 1, ""water"": 1}",,{},True,3.5862458862225552,full21_b3lyp_pcm,1_b3lyp_pcm,B3LYP / PCM,all_21,all balanced reaction quantities,primary
5,uracil,Uracil,True,P1b_nucleotide_from_nucleoside,Path 1,2,Uracil nucleoside + Phosphoric acid (Phosphate) -> Uracil nucleotide + Water,"{""phosphate"": 1, ""uracil_ribose"": 1}","{""uracil_ribose_phosphate"": 1, ""water"": 1}",,{},True,0.0750618048607499,full21_b3lyp_pcm,1_b3lyp_pcm,B3LYP / PCM,all_21,all balanced reaction quantities,primary
5,uracil,Uracil,True,P1_total_net_nucleotide_formation,Path 1,3,Uracil + Ribose + Phosphoric acid (Phosphate) -> Uracil nucleotide + 2 Water,"{""phosphate"": 1, ""ribose"": 1, ""uracil"": 1}","{""uracil_ribose_phosphate"": 1, ""water"": 2}",,{},True,3.661307691083305,full21_b3lyp_pcm,1_b3lyp_pcm,B3LYP / PCM,all_21,all balanced reaction quantities,primary
5,uracil,Uracil,True,P2a_ribose_phosphate_formation,Path 2,1,Ribose + Phosphoric acid (Phosphate) -> Ribose-5-Phosphate + Water,"{""phosphate"": 1, ""ribose"": 1}","{""ribo_phosphate"": 1, ""water"": 1}",,{},True,-0.3773907237342092,full21_b3lyp_pcm,1_b3lyp_pcm,B3LYP / PCM,all_21,all balanced reaction quantities,primary
5,uracil,Uracil,True,P2b_nucleotide_from_ribophosphate,Path 2,2,Ribose-5-Phosphate + Uracil -> Uracil nucleotide + Water,"{""ribo_phosphate"": 1, ""uracil"": 1}","{""uracil_ribose_phosphate"": 1, ""water"": 1}",,{},True,4.038698414674835,full21_b3lyp_pcm,1_b3lyp_pcm,B3LYP / PCM,all_21,all balanced reaction quantities,primary
5,uracil,Uracil,True,P2_total_net_nucleotide_formation,Path 2,3,Uracil + Ribose + Phosphoric acid (Phosphate) -> Uracil nucleotide + 2 Water,"{""phosphate"": 1, ""ribose"": 1, ""uracil"": 1}","{""uracil_ribose_phosphate"": 1, ""water"": 2}",,{},True,3.661307691083305,full21_b3lyp_pcm,1_b3lyp_pcm,B3LYP / PCM,all_21,all balanced reaction quantities,primary
6,xanthine,Xanthine,False,P1a_nucleoside_formation,Path 1,1,Xanthine + Ribose -> Xanthine nucleoside + Water,"{""ribose"": 1, ""xanthine"": 1}","{""water"": 1, ""xanthine_ribose"": 1}",,{},True,2.9482557489140166,full21_b3lyp_pcm,1_b3lyp_pcm,B3LYP / PCM,all_21,all balanced reaction quantities,primary
6,xanthine,Xanthine,False,P1b_nucleotide_from_nucleoside,Path 1,2,Xanthine nucleoside + Phosphoric acid (Phosphate) -> Xanthine nucleotide + Water,"{""phosphate"": 1, ""xanthine_ribose"": 1}","{""water"": 1, ""xanthine_ribose_phosphate"": 1}",,{},True,2.039393617023321,full21_b3lyp_pcm,1_b3lyp_pcm,B3LYP / PCM,all_21,all balanced reaction quantities,primary
6,xanthine,Xanthine,False,P1_total_net_nucleotide_formation,Path 1,3,Xanthine + Ribose + Phosphoric acid (Phosphate) -> Xanthine nucleotide + 2 Water,"{""phosphate"": 1, ""ribose"": 1, ""xanthine"": 1}","{""water"": 2, ""xanthine_ribose_phosphate"": 1}",,{},True,4.9876493659373375,full21_b3lyp_pcm,1_b3lyp_pcm,B3LYP / PCM,all_21,all balanced reaction quantities,primary
6,xanthine,Xanthine,False,P2a_ribose_phosphate_formation,Path 2,1,Ribose + Phosphoric acid (Phosphate) -> Ribose-5-Phosphate + Water,"{""phosphate"": 1, ""ribose"": 1}","{""ribo_phosphate"": 1, ""water"": 1}",,{},True,-0.3773907237342092,full21_b3lyp_pcm,1_b3lyp_pcm,B3LYP / PCM,all_21,all balanced reaction quantities,primary
6,xanthine,Xanthine,False,P2b_nucleotide_from_ribophosphate,Path 2,2,Ribose-5-Phosphate + Xanthine -> Xanthine nucleotide + Water,"{""ribo_phosphate"": 1, ""xanthine"": 1}","{""water"": 1, ""xanthine_ribose_phosphate"": 1}",,{},True,5.365040089671546,full21_b3lyp_pcm,1_b3lyp_pcm,B3LYP / PCM,all_21,all balanced reaction quantities,primary
6,xanthine,Xanthine,False,P2_total_net_nucleotide_formation,Path 2,3,Xanthine + Ribose + Phosphoric acid (Phosphate) -> Xanthine nucleotide + 2 Water,"{""phosphate"": 1, ""ribose"": 1, ""xanthine"": 1}","{""water"": 2, ""xanthine_ribose_phosphate"": 1}",,{},True,4.9876493659373375,full21_b3lyp_pcm,1_b3lyp_pcm,B3LYP / PCM,all_21,all balanced reaction quantities,primary
7,hypoxanthine,Hypoxanthine,False,P1a_nucleoside_formation,Path 1,1,Hypoxanthine + Ribose -> Hypoxanthine nucleoside + Water,"{""hypoxanthine"": 1, ""ribose"": 1}","{""hypoxanthine_ribose"": 1, ""water"": 1}",,{},True,0.2480128283894389,full21_b3lyp_pcm,1_b3lyp_pcm,B3LYP / PCM,all_21,all balanced reaction quantities,primary
7,hypoxanthine,Hypoxanthine,False,P1b_nucleotide_from_nucleoside,Path 1,2,Hypoxanthine nucleoside + Phosphoric acid (Phosphate) -> Hypoxanthine nucleotide + Water,"{""hypoxanthine_ribose"": 1, ""phosphate"": 1}","{""hypoxanthine_ribose_phosphate"": 1, ""water"": 1}",,{},True,1.5058053685640562,full21_b3lyp_pcm,1_b3lyp_pcm,B3LYP / PCM,all_21,all balanced reaction quantities,primary
7,hypoxanthine,Hypoxanthine,False,P1_total_net_nucleotide_formation,Path 1,3,Hypoxanthine + Ribose + Phosphoric acid (Phosphate) -> Hypoxanthine nucleotide + 2 Water,"{""hypoxanthine"": 1, ""phosphate"": 1, ""ribose"": 1}","{""hypoxanthine_ribose_phosphate"": 1, ""water"": 2}",,{},True,1.7538181969534952,full21_b3lyp_pcm,1_b3lyp_pcm,B3LYP / PCM,all_21,all balanced reaction quantities,primary
7,hypoxanthine,Hypoxanthine,False,P2a_ribose_phosphate_formation,Path 2,1,Ribose + Phosphoric acid (Phosphate) -> Ribose-5-Phosphate + Water,"{""phosphate"": 1, ""ribose"": 1}","{""ribo_phosphate"": 1, ""water"": 1}",,{},True,-0.3773907237342092,full21_b3lyp_pcm,1_b3lyp_pcm,B3LYP / PCM,all_21,all balanced reaction quantities,primary
7,hypoxanthine,Hypoxanthine,False,P2b_nucleotide_from_ribophosphate,Path 2,2,Ribose-5-Phosphate + Hypoxanthine -> Hypoxanthine nucleotide + Water,"{""hypoxanthine"": 1, ""ribo_phosphate"": 1}","{""hypoxanthine_ribose_phosphate"": 1, ""water"": 1}",,{},True,2.1312089208303835,full21_b3lyp_pcm,1_b3lyp_pcm,B3LYP / PCM,all_21,all balanced reaction quantities,primary
7,hypoxanthine,Hypoxanthine,False,P2_total_net_nucleotide_formation,Path 2,3,Hypoxanthine + Ribose + Phosphoric acid (Phosphate) -> Hypoxanthine nucleotide + 2 Water,"{""hypoxanthine"": 1, ""phosphate"": 1, ""ribose"": 1}","{""hypoxanthine_ribose_phosphate"": 1, ""water"": 2}",,{},True,1.7538181969534952,full21_b3lyp_pcm,1_b3lyp_pcm,B3LYP / PCM,all_21,all balanced reaction quantities,primary
8,2_6_diaminopurine,"2,6-Diaminopurine",False,P1a_nucleoside_formation,Path 1,1,"2,6-Diaminopurine + Ribose -> 2,6-Diaminopurine nucleoside + Water","{""2_6_diaminopurine"": 1, ""ribose"": 1}","{""2_6_diaminopurine_ribose"": 1, ""water"": 1}",,{},True,-3.085306830287723,full21_b3lyp_pcm,1_b3lyp_pcm,B3LYP / PCM,all_21,all balanced reaction quantities,primary
8,2_6_diaminopurine,"2,6-Diaminopurine",False,P1b_nucleotide_from_nucleoside,Path 1,2,"2,6-Diaminopurine nucleoside + Phosphoric acid (Phosphate) -> 2,6-Diaminopurine nucleotide + Water","{""2_6_diaminopurine_ribose"": 1, ""phosphate"": 1}","{""2_6_diaminopurine_ribose_phosphate"": 1, ""water"": 1}",,{},True,6.977805326591109,full21_b3lyp_pcm,1_b3lyp_pcm,B3LYP / PCM,all_21,all balanced reaction quantities,primary
8,2_6_diaminopurine,"2,6-Diaminopurine",False,P1_total_net_nucleotide_formation,Path 1,3,"2,6-Diaminopurine + Ribose + Phosphoric acid (Phosphate) -> 2,6-Diaminopurine nucleotide + 2 Water","{""2_6_diaminopurine"": 1, ""phosphate"": 1, ""ribose"": 1}","{""2_6_diaminopurine_ribose_phosphate"": 1, ""water"": 2}",,{},True,3.892498496303386,full21_b3lyp_pcm,1_b3lyp_pcm,B3LYP / PCM,all_21,all balanced reaction quantities,primary
8,2_6_diaminopurine,"2,6-Diaminopurine",False,P2a_ribose_phosphate_formation,Path 2,1,Ribose + Phosphoric acid (Phosphate) -> Ribose-5-Phosphate + Water,"{""phosphate"": 1, ""ribose"": 1}","{""ribo_phosphate"": 1, ""water"": 1}",,{},True,-0.3773907237342092,full21_b3lyp_pcm,1_b3lyp_pcm,B3LYP / PCM,all_21,all balanced reaction quantities,primary
8,2_6_diaminopurine,"2,6-Diaminopurine",False,P2b_nucleotide_from_ribophosphate,Path 2,2,"Ribose-5-Phosphate + 2,6-Diaminopurine -> 2,6-Diaminopurine nucleotide + Water","{""2_6_diaminopurine"": 1, ""ribo_phosphate"": 1}","{""2_6_diaminopurine_ribose_phosphate"": 1, ""water"": 1}",,{},True,4.269889220180274,full21_b3lyp_pcm,1_b3lyp_pcm,B3LYP / PCM,all_21,all balanced reaction quantities,primary
8,2_6_diaminopurine,"2,6-Diaminopurine",False,P2_total_net_nucleotide_formation,Path 2,3,"2,6-Diaminopurine + Ribose + Phosphoric acid (Phosphate) -> 2,6-Diaminopurine nucleotide + 2 Water","{""2_6_diaminopurine"": 1, ""phosphate"": 1, ""ribose"": 1}","{""2_6_diaminopurine_ribose_phosphate"": 1, ""water"": 2}",,{},True,3.892498496303386,full21_b3lyp_pcm,1_b3lyp_pcm,B3LYP / PCM,all_21,all balanced reaction quantities,primary
9,purine,Purine,False,P1a_nucleoside_formation,Path 1,1,Purine + Ribose -> Purine nucleoside + Water,"{""purine"": 1, ""ribose"": 1}","{""purine_ribose"": 1, ""water"": 1}",,{},True,1.2287969587397385,full21_b3lyp_pcm,1_b3lyp_pcm,B3LYP / PCM,all_21,all balanced reaction quantities,primary
9,purine,Purine,False,P1b_nucleotide_from_nucleoside,Path 1,2,Purine nucleoside + Phosphoric acid (Phosphate) -> Purine nucleotide + Water,"{""phosphate"": 1, ""purine_ribose"": 1}","{""purine_ribose_phosphate"": 1, ""water"": 1}",,{},True,1.2121227769083356,full21_b3lyp_pcm,1_b3lyp_pcm,B3LYP / PCM,all_21,all balanced reaction quantities,primary
9,purine,Purine,False,P1_total_net_nucleotide_formation,Path 1,3,Purine + Ribose + Phosphoric acid (Phosphate) -> Purine nucleotide + 2 Water,"{""phosphate"": 1, ""purine"": 1, ""ribose"": 1}","{""purine_ribose_phosphate"": 1, ""water"": 2}",,{},True,2.4409197357194135,full21_b3lyp_pcm,1_b3lyp_pcm,B3LYP / PCM,all_21,all balanced reaction quantities,primary
9,purine,Purine,False,P2a_ribose_phosphate_formation,Path 2,1,Ribose + Phosphoric acid (Phosphate) -> Ribose-5-Phosphate + Water,"{""phosphate"": 1, ""ribose"": 1}","{""ribo_phosphate"": 1, ""water"": 1}",,{},True,-0.3773907237342092,full21_b3lyp_pcm,1_b3lyp_pcm,B3LYP / PCM,all_21,all balanced reaction quantities,primary
9,purine,Purine,False,P2b_nucleotide_from_ribophosphate,Path 2,2,Ribose-5-Phosphate + Purine -> Purine nucleotide + Water,"{""purine"": 1, ""ribo_phosphate"": 1}","{""purine_ribose_phosphate"": 1, ""water"": 1}",,{},True,2.8183104594536226,full21_b3lyp_pcm,1_b3lyp_pcm,B3LYP / PCM,all_21,all balanced reaction quantities,primary
9,purine,Purine,False,P2_total_net_nucleotide_formation,Path 2,3,Purine + Ribose + Phosphoric acid (Phosphate) -> Purine nucleotide + 2 Water,"{""phosphate"": 1, ""purine"": 1, ""ribose"": 1}","{""purine_ribose_phosphate"": 1, ""water"": 2}",,{},True,2.4409197357194135,full21_b3lyp_pcm,1_b3lyp_pcm,B3LYP / PCM,all_21,all balanced reaction quantities,primary
10,barbituric_acid_clink,Barbituric acid (C-linked),False,P1a_nucleoside_formation,Path 1,1,Barbituric acid + Ribose -> Barbituric acid nucleoside (C-linked) + Water,"{""barbituric_acid"": 1, ""ribose"": 1}","{""barbituric_acid_clink_ribose"": 1, ""water"": 1}",,{},True,1.7724699119595315,full21_b3lyp_pcm,1_b3lyp_pcm,B3LYP / PCM,all_21,all balanced reaction quantities,primary
10,barbituric_acid_clink,Barbituric acid (C-linked),False,P1b_nucleotide_from_nucleoside,Path 1,2,Barbituric acid nucleoside (C-linked) + Phosphoric acid (Phosphate) -> Barbituric acid nucleotide (C-linked) + Water,"{""barbituric_acid_clink_ribose"": 1, ""phosphate"": 1}","{""barbituric_acid_clink_ribose_phosphate"": 1, ""water"": 1}",,{},True,0.1123101397526891,full21_b3lyp_pcm,1_b3lyp_pcm,B3LYP / PCM,all_21,all balanced reaction quantities,primary
10,barbituric_acid_clink,Barbituric acid (C-linked),False,P1_total_net_nucleotide_formation,Path 1,3,Barbituric acid + Ribose + Phosphoric acid (Phosphate) -> Barbituric acid nucleotide (C-linked) + 2 Water,"{""barbituric_acid"": 1, ""phosphate"": 1, ""ribose"": 1}","{""barbituric_acid_clink_ribose_phosphate"": 1, ""water"": 2}",,{},True,1.8847800517122208,full21_b3lyp_pcm,1_b3lyp_pcm,B3LYP / PCM,all_21,all balanced reaction quantities,primary
10,barbituric_acid_clink,Barbituric acid (C-linked),False,P2a_ribose_phosphate_formation,Path 2,1,Ribose + Phosphoric acid (Phosphate) -> Ribose-5-Phosphate + Water,"{""phosphate"": 1, ""ribose"": 1}","{""ribo_phosphate"": 1, ""water"": 1}",,{},True,-0.3773907237342092,full21_b3lyp_pcm,1_b3lyp_pcm,B3LYP / PCM,all_21,all balanced reaction quantities,primary
10,barbituric_acid_clink,Barbituric acid (C-linked),False,P2b_nucleotide_from_ribophosphate,Path 2,2,Ribose-5-Phosphate + Barbituric acid -> Barbituric acid nucleotide (C-linked) + Water,"{""barbituric_acid"": 1, ""ribo_phosphate"": 1}","{""barbituric_acid_clink_ribose_phosphate"": 1, ""water"": 1}",,{},True,2.26217077544643,full21_b3lyp_pcm,1_b3lyp_pcm,B3LYP / PCM,all_21,all balanced reaction quantities,primary
10,barbituric_acid_clink,Barbituric acid (C-linked),False,P2_total_net_nucleotide_formation,Path 2,3,Barbituric acid + Ribose + Phosphoric acid (Phosphate) -> Barbituric acid nucleotide (C-linked) + 2 Water,"{""barbituric_acid"": 1, ""phosphate"": 1, ""ribose"": 1}","{""barbituric_acid_clink_ribose_phosphate"": 1, ""water"": 2}",,{},True,1.8847800517122208,full21_b3lyp_pcm,1_b3lyp_pcm,B3LYP / PCM,all_21,all balanced reaction quantities,primary
11,barbituric_acid_nlink,Barbituric acid (N-linked),False,P1a_nucleoside_formation,Path 1,1,Barbituric acid + Ribose -> Barbituric acid nucleoside (N-linked) + Water,"{""barbituric_acid"": 1, ""ribose"": 1}","{""barbituric_acid_nlink_ribose"": 1, ""water"": 1}",,{},True,5.771871424547416,full21_b3lyp_pcm,1_b3lyp_pcm,B3LYP / PCM,all_21,all balanced reaction quantities,primary
11,barbituric_acid_nlink,Barbituric acid (N-linked),False,P1b_nucleotide_from_nucleoside,Path 1,2,Barbituric acid nucleoside (N-linked) + Phosphoric acid (Phosphate) -> Barbituric acid nucleotide (N-linked) + Water,"{""barbituric_acid_nlink_ribose"": 1, ""phosphate"": 1}","{""barbituric_acid_nlink_ribose_phosphate"": 1, ""water"": 1}",,{},True,-0.4645982254063153,full21_b3lyp_pcm,1_b3lyp_pcm,B3LYP / PCM,all_21,all balanced reaction quantities,primary
11,barbituric_acid_nlink,Barbituric acid (N-linked),False,P1_total_net_nucleotide_formation,Path 1,3,Barbituric acid + Ribose + Phosphoric acid (Phosphate) -> Barbituric acid nucleotide (N-linked) + 2 Water,"{""barbituric_acid"": 1, ""phosphate"": 1, ""ribose"": 1}","{""barbituric_acid_nlink_ribose_phosphate"": 1, ""water"": 2}",,{},True,5.3072731991411,full21_b3lyp_pcm,1_b3lyp_pcm,B3LYP / PCM,all_21,all balanced reaction quantities,primary
11,barbituric_acid_nlink,Barbituric acid (N-linked),False,P2a_ribose_phosphate_formation,Path 2,1,Ribose + Phosphoric acid (Phosphate) -> Ribose-5-Phosphate + Water,"{""phosphate"": 1, ""ribose"": 1}","{""ribo_phosphate"": 1, ""water"": 1}",,{},True,-0.3773907237342092,full21_b3lyp_pcm,1_b3lyp_pcm,B3LYP / PCM,all_21,all balanced reaction quantities,primary
11,barbituric_acid_nlink,Barbituric acid (N-linked),False,P2b_nucleotide_from_ribophosphate,Path 2,2,Ribose-5-Phosphate + Barbituric acid -> Barbituric acid nucleotide (N-linked) + Water,"{""barbituric_acid"": 1, ""ribo_phosphate"": 1}","{""barbituric_acid_nlink_ribose_phosphate"": 1, ""water"": 1}",,{},True,5.68466392287531,full21_b3lyp_pcm,1_b3lyp_pcm,B3LYP / PCM,all_21,all balanced reaction quantities,primary
11,barbituric_acid_nlink,Barbituric acid (N-linked),False,P2_total_net_nucleotide_formation,Path 2,3,Barbituric acid + Ribose + Phosphoric acid (Phosphate) -> Barbituric acid nucleotide (N-linked) + 2 Water,"{""barbituric_acid"": 1, ""phosphate"": 1, ""ribose"": 1}","{""barbituric_acid_nlink_ribose_phosphate"": 1, ""water"": 2}",,{},True,5.3072731991411,full21_b3lyp_pcm,1_b3lyp_pcm,B3LYP / PCM,all_21,all balanced reaction quantities,primary
12,tap_c5link,"2,4,6-TAP (C5-linked)",False,P1a_nucleoside_formation,Path 1,1,"2,4,6 TAP + Ribose -> 2,4,6 TAP nucleoside (C5-linked) + Water","{""ribose"": 1, ""tap_c5link"": 1}","{""tap_c5link_ribose"": 1, ""water"": 1}",,{},True,0.106549602705446,full21_b3lyp_pcm,1_b3lyp_pcm,B3LYP / PCM,all_21,all balanced reaction quantities,primary
12,tap_c5link,"2,4,6-TAP (C5-linked)",False,P1b_nucleotide_from_nucleoside,Path 1,2,"2,4,6 TAP nucleoside (C5-linked) + Phosphoric acid (Phosphate) -> 2,4,6 TAP nucleotide (C5-linked) + Water","{""phosphate"": 1, ""tap_c5link_ribose"": 1}","{""tap_c5link_ribose_phosphate"": 1, ""water"": 1}",,{},True,0.5322294394320212,full21_b3lyp_pcm,1_b3lyp_pcm,B3LYP / PCM,all_21,all balanced reaction quantities,primary
12,tap_c5link,"2,4,6-TAP (C5-linked)",False,P1_total_net_nucleotide_formation,Path 1,3,"2,4,6 TAP + Ribose + Phosphoric acid (Phosphate) -> 2,4,6 TAP nucleotide (C5-linked) + 2 Water","{""phosphate"": 1, ""ribose"": 1, ""tap_c5link"": 1}","{""tap_c5link_ribose_phosphate"": 1, ""water"": 2}",,{},True,0.6387790422088068,full21_b3lyp_pcm,1_b3lyp_pcm,B3LYP / PCM,all_21,all balanced reaction quantities,primary
12,tap_c5link,"2,4,6-TAP (C5-linked)",False,P2a_ribose_phosphate_formation,Path 2,1,Ribose + Phosphoric acid (Phosphate) -> Ribose-5-Phosphate + Water,"{""phosphate"": 1, ""ribose"": 1}","{""ribo_phosphate"": 1, ""water"": 1}",,{},True,-0.3773907237342092,full21_b3lyp_pcm,1_b3lyp_pcm,B3LYP / PCM,all_21,all balanced reaction quantities,primary
12,tap_c5link,"2,4,6-TAP (C5-linked)",False,P2b_nucleotide_from_ribophosphate,Path 2,2,"Ribose-5-Phosphate + 2,4,6 TAP -> 2,4,6 TAP nucleotide (C5-linked) + Water","{""ribo_phosphate"": 1, ""tap_c5link"": 1}","{""tap_c5link_ribose_phosphate"": 1, ""water"": 1}",,{},True,1.016169765943016,full21_b3lyp_pcm,1_b3lyp_pcm,B3LYP / PCM,all_21,all balanced reaction quantities,primary
12,tap_c5link,"2,4,6-TAP (C5-linked)",False,P2_total_net_nucleotide_formation,Path 2,3,"2,4,6 TAP + Ribose + Phosphoric acid (Phosphate) -> 2,4,6 TAP nucleotide (C5-linked) + 2 Water","{""phosphate"": 1, ""ribose"": 1, ""tap_c5link"": 1}","{""tap_c5link_ribose_phosphate"": 1, ""water"": 2}",,{},True,0.6387790422088068,full21_b3lyp_pcm,1_b3lyp_pcm,B3LYP / PCM,all_21,all balanced reaction quantities,primary
13,cyanuric_acid_nlink,Cyanuric acid (N-linked),False,P1a_nucleoside_formation,Path 1,1,Cyanuric acid + Ribose -> Cyanuric acid nucleoside (N-linked) + Water,"{""cyanuric_acid_nlink"": 1, ""ribose"": 1}","{""cyanuric_acid_nlink_ribose"": 1, ""water"": 1}",,{},True,5.448733538212164,full21_b3lyp_pcm,1_b3lyp_pcm,B3LYP / PCM,all_21,all balanced reaction quantities,primary
13,cyanuric_acid_nlink,Cyanuric acid (N-linked),False,P1b_nucleotide_from_nucleoside,Path 1,2,Cyanuric acid nucleoside (N-linked) + Phosphoric acid (Phosphate) -> Cyanuric acid nucleotide (N-linked) + Water,"{""cyanuric_acid_nlink_ribose"": 1, ""phosphate"": 1}","{""cyanuric_acid_nlink_ribose_phosphate"": 1, ""water"": 1}",,{},True,-0.6145133763451273,full21_b3lyp_pcm,1_b3lyp_pcm,B3LYP / PCM,all_21,all balanced reaction quantities,primary
13,cyanuric_acid_nlink,Cyanuric acid (N-linked),False,P1_total_net_nucleotide_formation,Path 1,3,Cyanuric acid + Ribose + Phosphoric acid (Phosphate) -> Cyanuric acid nucleotide (N-linked) + 2 Water,"{""cyanuric_acid_nlink"": 1, ""phosphate"": 1, ""ribose"": 1}","{""cyanuric_acid_nlink_ribose_phosphate"": 1, ""water"": 2}",,{},True,4.834220162009716,full21_b3lyp_pcm,1_b3lyp_pcm,B3LYP / PCM,all_21,all balanced reaction quantities,primary
13,cyanuric_acid_nlink,Cyanuric acid (N-linked),False,P2a_ribose_phosphate_formation,Path 2,1,Ribose + Phosphoric acid (Phosphate) -> Ribose-5-Phosphate + Water,"{""phosphate"": 1, ""ribose"": 1}","{""ribo_phosphate"": 1, ""water"": 1}",,{},True,-0.3773907237342092,full21_b3lyp_pcm,1_b3lyp_pcm,B3LYP / PCM,all_21,all balanced reaction quantities,primary
13,cyanuric_acid_nlink,Cyanuric acid (N-linked),False,P2b_nucleotide_from_ribophosphate,Path 2,2,Ribose-5-Phosphate + Cyanuric acid -> Cyanuric acid nucleotide (N-linked) + Water,"{""cyanuric_acid_nlink"": 1, ""ribo_phosphate"": 1}","{""cyanuric_acid_nlink_ribose_phosphate"": 1, ""water"": 1}",,{},True,5.211610885743925,full21_b3lyp_pcm,1_b3lyp_pcm,B3LYP / PCM,all_21,all balanced reaction quantities,primary
13,cyanuric_acid_nlink,Cyanuric acid (N-linked),False,P2_total_net_nucleotide_formation,Path 2,3,Cyanuric acid + Ribose + Phosphoric acid (Phosphate) -> Cyanuric acid nucleotide (N-linked) + 2 Water,"{""cyanuric_acid_nlink"": 1, ""phosphate"": 1, ""ribose"": 1}","{""cyanuric_acid_nlink_ribose_phosphate"": 1, ""water"": 2}",,{},True,4.834220162009716,full21_b3lyp_pcm,1_b3lyp_pcm,B3LYP / PCM,all_21,all balanced reaction quantities,primary
14,melamine,Melamine,False,P1a_nucleoside_formation,Path 1,1,Melamine + Ribose -> Melamine nucleoside + Water,"{""melamine"": 1, ""ribose"": 1}","{""melamine_ribose"": 1, ""water"": 1}",,{},True,1.754957377633268,full21_b3lyp_pcm,1_b3lyp_pcm,B3LYP / PCM,all_21,all balanced reaction quantities,primary
14,melamine,Melamine,False,P1b_nucleotide_from_nucleoside,Path 1,2,Melamine nucleoside + Phosphoric acid (Phosphate) -> Melamine nucleotide + Water,"{""melamine_ribose"": 1, ""phosphate"": 1}","{""melamine_ribose_phosphate"": 1, ""water"": 1}",,{},True,-2.294236384196413,full21_b3lyp_pcm,1_b3lyp_pcm,B3LYP / PCM,all_21,all balanced reaction quantities,primary
14,melamine,Melamine,False,P1_total_net_nucleotide_formation,Path 1,3,Melamine + Ribose + Phosphoric acid (Phosphate) -> Melamine nucleotide + 2 Water,"{""melamine"": 1, ""phosphate"": 1, ""ribose"": 1}","{""melamine_ribose_phosphate"": 1, ""water"": 2}",,{},True,-0.5392790064918055,full21_b3lyp_pcm,1_b3lyp_pcm,B3LYP / PCM,all_21,all balanced reaction quantities,primary
14,melamine,Melamine,False,P2a_ribose_phosphate_formation,Path 2,1,Ribose + Phosphoric acid (Phosphate) -> Ribose-5-Phosphate + Water,"{""phosphate"": 1, ""ribose"": 1}","{""ribo_phosphate"": 1, ""water"": 1}",,{},True,-0.3773907237342092,full21_b3lyp_pcm,1_b3lyp_pcm,B3LYP / PCM,all_21,all balanced reaction quantities,primary
14,melamine,Melamine,False,P2b_nucleotide_from_ribophosphate,Path 2,2,Ribose-5-Phosphate + Melamine -> Melamine nucleotide + Water,"{""melamine"": 1, ""ribo_phosphate"": 1}","{""melamine_ribose_phosphate"": 1, ""water"": 1}",,{},True,-0.1618882829002754,full21_b3lyp_pcm,1_b3lyp_pcm,B3LYP / PCM,all_21,all balanced reaction quantities,primary
14,melamine,Melamine,False,P2_total_net_nucleotide_formation,Path 2,3,Melamine + Ribose + Phosphoric acid (Phosphate) -> Melamine nucleotide + 2 Water,"{""melamine"": 1, ""phosphate"": 1, ""ribose"": 1}","{""melamine_ribose_phosphate"": 1, ""water"": 2}",,{},True,-0.5392790064918055,full21_b3lyp_pcm,1_b3lyp_pcm,B3LYP / PCM,all_21,all balanced reaction quantities,primary
15,isocytosine,Isocytosine,False,P1a_nucleoside_formation,Path 1,1,Isocytosine + Ribose -> Isocytosine nucleoside + Water,"{""isocytosine"": 1, ""ribose"": 1}","{""isocytosine_ribose"": 1, ""water"": 1}",,{},True,8.175001159232318,full21_b3lyp_pcm,1_b3lyp_pcm,B3LYP / PCM,all_21,all balanced reaction quantities,primary
15,isocytosine,Isocytosine,False,P1b_nucleotide_from_nucleoside,Path 1,2,Isocytosine nucleoside + Phosphoric acid (Phosphate) -> Isocytosine nucleotide + Water,"{""isocytosine_ribose"": 1, ""phosphate"": 1}","{""isocytosine_ribose_phosphate"": 1, ""water"": 1}",,{},True,-2.1356910952706505,full21_b3lyp_pcm,1_b3lyp_pcm,B3LYP / PCM,all_21,all balanced reaction quantities,primary
15,isocytosine,Isocytosine,False,P1_total_net_nucleotide_formation,Path 1,3,Isocytosine + Ribose + Phosphoric acid (Phosphate) -> Isocytosine nucleotide + 2 Water,"{""isocytosine"": 1, ""phosphate"": 1, ""ribose"": 1}","{""isocytosine_ribose_phosphate"": 1, ""water"": 2}",,{},True,6.039310063890328,full21_b3lyp_pcm,1_b3lyp_pcm,B3LYP / PCM,all_21,all balanced reaction quantities,primary
15,isocytosine,Isocytosine,False,P2a_ribose_phosphate_formation,Path 2,1,Ribose + Phosphoric acid (Phosphate) -> Ribose-5-Phosphate + Water,"{""phosphate"": 1, ""ribose"": 1}","{""ribo_phosphate"": 1, ""water"": 1}",,{},True,-0.3773907237342092,full21_b3lyp_pcm,1_b3lyp_pcm,B3LYP / PCM,all_21,all balanced reaction quantities,primary
15,isocytosine,Isocytosine,False,P2b_nucleotide_from_ribophosphate,Path 2,2,Ribose-5-Phosphate + Isocytosine -> Isocytosine nucleotide + Water,"{""isocytosine"": 1, ""ribo_phosphate"": 1}","{""isocytosine_ribose_phosphate"": 1, ""water"": 1}",,{},True,6.416700787624538,full21_b3lyp_pcm,1_b3lyp_pcm,B3LYP / PCM,all_21,all balanced reaction quantities,primary
15,isocytosine,Isocytosine,False,P2_total_net_nucleotide_formation,Path 2,3,Isocytosine + Ribose + Phosphoric acid (Phosphate) -> Isocytosine nucleotide + 2 Water,"{""isocytosine"": 1, ""phosphate"": 1, ""ribose"": 1}","{""isocytosine_ribose_phosphate"": 1, ""water"": 2}",,{},True,6.039310063890328,full21_b3lyp_pcm,1_b3lyp_pcm,B3LYP / PCM,all_21,all balanced reaction quantities,primary
16,6_methyluracil,6-Methyluracil,False,P1a_nucleoside_formation,Path 1,1,6-Methyluracil + Ribose -> 6-Methyluracil nucleoside + Water,"{""6_methyluracil"": 1, ""ribose"": 1}","{""6_methyluracil_ribose"": 1, ""water"": 1}",,{},True,8.81526476322132,full21_b3lyp_pcm,1_b3lyp_pcm,B3LYP / PCM,all_21,all balanced reaction quantities,primary
16,6_methyluracil,6-Methyluracil,False,P1b_nucleotide_from_nucleoside,Path 1,2,6-Methyluracil nucleoside + Phosphoric acid (Phosphate) -> 6-Methyluracil nucleotide + Water,"{""6_methyluracil_ribose"": 1, ""phosphate"": 1}","{""6_methyluracil_ribose_phosphate"": 1, ""water"": 1}",,{},True,1.2833783602914732,full21_b3lyp_pcm,1_b3lyp_pcm,B3LYP / PCM,all_21,all balanced reaction quantities,primary
16,6_methyluracil,6-Methyluracil,False,P1_total_net_nucleotide_formation,Path 1,3,6-Methyluracil + Ribose + Phosphoric acid (Phosphate) -> 6-Methyluracil nucleotide + 2 Water,"{""6_methyluracil"": 1, ""phosphate"": 1, ""ribose"": 1}","{""6_methyluracil_ribose_phosphate"": 1, ""water"": 2}",,{},True,10.098643123512794,full21_b3lyp_pcm,1_b3lyp_pcm,B3LYP / PCM,all_21,all balanced reaction quantities,primary
16,6_methyluracil,6-Methyluracil,False,P2a_ribose_phosphate_formation,Path 2,1,Ribose + Phosphoric acid (Phosphate) -> Ribose-5-Phosphate + Water,"{""phosphate"": 1, ""ribose"": 1}","{""ribo_phosphate"": 1, ""water"": 1}",,{},True,-0.3773907237342092,full21_b3lyp_pcm,1_b3lyp_pcm,B3LYP / PCM,all_21,all balanced reaction quantities,primary
16,6_methyluracil,6-Methyluracil,False,P2b_nucleotide_from_ribophosphate,Path 2,2,Ribose-5-Phosphate + 6-Methyluracil -> 6-Methyluracil nucleotide + Water,"{""6_methyluracil"": 1, ""ribo_phosphate"": 1}","{""6_methyluracil_ribose_phosphate"": 1, ""water"": 1}",,{},True,10.476033847247002,full21_b3lyp_pcm,1_b3lyp_pcm,B3LYP / PCM,all_21,all balanced reaction quantities,primary
16,6_methyluracil,6-Methyluracil,False,P2_total_net_nucleotide_formation,Path 2,3,6-Methyluracil + Ribose + Phosphoric acid (Phosphate) -> 6-Methyluracil nucleotide + 2 Water,"{""6_methyluracil"": 1, ""phosphate"": 1, ""ribose"": 1}","{""6_methyluracil_ribose_phosphate"": 1, ""water"": 2}",,{},True,10.098643123512794,full21_b3lyp_pcm,1_b3lyp_pcm,B3LYP / PCM,all_21,all balanced reaction quantities,primary
17,1_methyluracil,1-Methyluracil,False,P1a_nucleoside_formation,Path 1,1,1-Methyluracil + Ribose -> 1-Methyluracil nucleoside + Water,"{""1_methyluracil"": 1, ""ribose"": 1}","{""1_methyluracil_ribose"": 1, ""water"": 1}",,{},True,5.649731725498867,full21_b3lyp_pcm,1_b3lyp_pcm,B3LYP / PCM,all_21,all balanced reaction quantities,primary
17,1_methyluracil,1-Methyluracil,False,P1b_nucleotide_from_nucleoside,Path 1,2,1-Methyluracil nucleoside + Phosphoric acid (Phosphate) -> 1-Methyluracil nucleotide + Water,"{""1_methyluracil_ribose"": 1, ""phosphate"": 1}","{""1_methyluracil_ribose_phosphate"": 1, ""water"": 1}",,{},True,-0.2554643780760912,full21_b3lyp_pcm,1_b3lyp_pcm,B3LYP / PCM,all_21,all balanced reaction quantities,primary
17,1_methyluracil,1-Methyluracil,False,P1_total_net_nucleotide_formation,Path 1,3,1-Methyluracil + Ribose + Phosphoric acid (Phosphate) -> 1-Methyluracil nucleotide + 2 Water,"{""1_methyluracil"": 1, ""phosphate"": 1, ""ribose"": 1}","{""1_methyluracil_ribose_phosphate"": 1, ""water"": 2}",,{},True,5.394267347422776,full21_b3lyp_pcm,1_b3lyp_pcm,B3LYP / PCM,all_21,all balanced reaction quantities,primary
17,1_methyluracil,1-Methyluracil,False,P2a_ribose_phosphate_formation,Path 2,1,Ribose + Phosphoric acid (Phosphate) -> Ribose-5-Phosphate + Water,"{""phosphate"": 1, ""ribose"": 1}","{""ribo_phosphate"": 1, ""water"": 1}",,{},True,-0.3773907237342092,full21_b3lyp_pcm,1_b3lyp_pcm,B3LYP / PCM,all_21,all balanced reaction quantities,primary
17,1_methyluracil,1-Methyluracil,False,P2b_nucleotide_from_ribophosphate,Path 2,2,Ribose-5-Phosphate + 1-Methyluracil -> 1-Methyluracil nucleotide + Water,"{""1_methyluracil"": 1, ""ribo_phosphate"": 1}","{""1_methyluracil_ribose_phosphate"": 1, ""water"": 1}",,{},True,5.771658071156986,full21_b3lyp_pcm,1_b3lyp_pcm,B3LYP / PCM,all_21,all balanced reaction quantities,primary
17,1_methyluracil,1-Methyluracil,False,P2_total_net_nucleotide_formation,Path 2,3,1-Methyluracil + Ribose + Phosphoric acid (Phosphate) -> 1-Methyluracil nucleotide + 2 Water,"{""1_methyluracil"": 1, ""phosphate"": 1, ""ribose"": 1}","{""1_methyluracil_ribose_phosphate"": 1, ""water"": 2}",,{},True,5.394267347422776,full21_b3lyp_pcm,1_b3lyp_pcm,B3LYP / PCM,all_21,all balanced reaction quantities,primary
18,dihydrouracil,Dihydrouracil,False,P1a_nucleoside_formation,Path 1,1,Dihydrouracil + Ribose -> Dihydrouracil nucleoside + Water,"{""dihydrouracil"": 1, ""ribose"": 1}","{""dihydrouracil_ribose"": 1, ""water"": 1}",,{},True,2.6461551178701193,full21_b3lyp_pcm,1_b3lyp_pcm,B3LYP / PCM,all_21,all balanced reaction quantities,primary
18,dihydrouracil,Dihydrouracil,False,P1b_nucleotide_from_nucleoside,Path 1,2,Dihydrouracil nucleoside + Phosphoric acid (Phosphate) -> Dihydrouracil nucleotide + Water,"{""dihydrouracil_ribose"": 1, ""phosphate"": 1}","{""dihydrouracil_ribose_phosphate"": 1, ""water"": 1}",,{},True,-0.3077145818302012,full21_b3lyp_pcm,1_b3lyp_pcm,B3LYP / PCM,all_21,all balanced reaction quantities,primary
18,dihydrouracil,Dihydrouracil,False,P1_total_net_nucleotide_formation,Path 1,3,Dihydrouracil + Ribose + Phosphoric acid (Phosphate) -> Dihydrouracil nucleotide + 2 Water,"{""dihydrouracil"": 1, ""phosphate"": 1, ""ribose"": 1}","{""dihydrouracil_ribose_phosphate"": 1, ""water"": 2}",,{},True,2.3384405359685783,full21_b3lyp_pcm,1_b3lyp_pcm,B3LYP / PCM,all_21,all balanced reaction quantities,primary
18,dihydrouracil,Dihydrouracil,False,P2a_ribose_phosphate_formation,Path 2,1,Ribose + Phosphoric acid (Phosphate) -> Ribose-5-Phosphate + Water,"{""phosphate"": 1, ""ribose"": 1}","{""ribo_phosphate"": 1, ""water"": 1}",,{},True,-0.3773907237342092,full21_b3lyp_pcm,1_b3lyp_pcm,B3LYP / PCM,all_21,all balanced reaction quantities,primary
18,dihydrouracil,Dihydrouracil,False,P2b_nucleotide_from_ribophosphate,Path 2,2,Ribose-5-Phosphate + Dihydrouracil -> Dihydrouracil nucleotide + Water,"{""dihydrouracil"": 1, ""ribo_phosphate"": 1}","{""dihydrouracil_ribose_phosphate"": 1, ""water"": 1}",,{},True,2.7158312597027874,full21_b3lyp_pcm,1_b3lyp_pcm,B3LYP / PCM,all_21,all balanced reaction quantities,primary
18,dihydrouracil,Dihydrouracil,False,P2_total_net_nucleotide_formation,Path 2,3,Dihydrouracil + Ribose + Phosphoric acid (Phosphate) -> Dihydrouracil nucleotide + 2 Water,"{""dihydrouracil"": 1, ""phosphate"": 1, ""ribose"": 1}","{""dihydrouracil_ribose_phosphate"": 1, ""water"": 2}",,{},True,2.3384405359685783,full21_b3lyp_pcm,1_b3lyp_pcm,B3LYP / PCM,all_21,all balanced reaction quantities,primary
19,imidazole,Imidazole,False,P1a_nucleoside_formation,Path 1,1,Imidazole + Ribose -> Imidazole nucleoside + Water,"{""imidazole"": 1, ""ribose"": 1}","{""imidazole_ribose"": 1, ""water"": 1}",,{},True,1.6015413514079215,full21_b3lyp_pcm,1_b3lyp_pcm,B3LYP / PCM,all_21,all balanced reaction quantities,primary
19,imidazole,Imidazole,False,P1b_nucleotide_from_nucleoside,Path 1,2,Imidazole nucleoside + Phosphoric acid (Phosphate) -> Imidazole nucleotide + Water,"{""imidazole_ribose"": 1, ""phosphate"": 1}","{""imidazole_ribose_phosphate"": 1, ""water"": 1}",,{},True,-1.45880917587354,full21_b3lyp_pcm,1_b3lyp_pcm,B3LYP / PCM,all_21,all balanced reaction quantities,primary
19,imidazole,Imidazole,False,P1_total_net_nucleotide_formation,Path 1,3,Imidazole + Ribose + Phosphoric acid (Phosphate) -> Imidazole nucleotide + 2 Water,"{""imidazole"": 1, ""phosphate"": 1, ""ribose"": 1}","{""imidazole_ribose_phosphate"": 1, ""water"": 2}",,{},True,0.1427321756057213,full21_b3lyp_pcm,1_b3lyp_pcm,B3LYP / PCM,all_21,all balanced reaction quantities,primary
19,imidazole,Imidazole,False,P2a_ribose_phosphate_formation,Path 2,1,Ribose + Phosphoric acid (Phosphate) -> Ribose-5-Phosphate + Water,"{""phosphate"": 1, ""ribose"": 1}","{""ribo_phosphate"": 1, ""water"": 1}",,{},True,-0.3773907237342092,full21_b3lyp_pcm,1_b3lyp_pcm,B3LYP / PCM,all_21,all balanced reaction quantities,primary
19,imidazole,Imidazole,False,P2b_nucleotide_from_ribophosphate,Path 2,2,Ribose-5-Phosphate + Imidazole -> Imidazole nucleotide + Water,"{""imidazole"": 1, ""ribo_phosphate"": 1}","{""imidazole_ribose_phosphate"": 1, ""water"": 1}",,{},True,0.5201228991972514,full21_b3lyp_pcm,1_b3lyp_pcm,B3LYP / PCM,all_21,all balanced reaction quantities,primary
19,imidazole,Imidazole,False,P2_total_net_nucleotide_formation,Path 2,3,Imidazole + Ribose + Phosphoric acid (Phosphate) -> Imidazole nucleotide + 2 Water,"{""imidazole"": 1, ""phosphate"": 1, ""ribose"": 1}","{""imidazole_ribose_phosphate"": 1, ""water"": 2}",,{},True,0.1427321756057213,full21_b3lyp_pcm,1_b3lyp_pcm,B3LYP / PCM,all_21,all balanced reaction quantities,primary
20,imidazole_2_carboxylic_acid,Imidazole-2-carboxylic acid,False,P1a_nucleoside_formation,Path 1,1,Imidazole-2-carboxylic acid + Ribose -> Imidazole-2-carboxylic acid nucleoside + Water,"{""imidazole_2_carboxylic_acid"": 1, ""ribose"": 1}","{""imidazole_2_carboxylic_acid_ribose"": 1, ""water"": 1}",,{},True,3.659579780906062,full21_b3lyp_pcm,1_b3lyp_pcm,B3LYP / PCM,all_21,all balanced reaction quantities,primary
20,imidazole_2_carboxylic_acid,Imidazole-2-carboxylic acid,False,P1b_nucleotide_from_nucleoside,Path 1,2,Imidazole-2-carboxylic acid nucleoside + Phosphoric acid (Phosphate) -> Imidazole-2-carboxylic acid nucleotide + Water,"{""imidazole_2_carboxylic_acid_ribose"": 1, ""phosphate"": 1}","{""imidazole_2_carboxylic_acid_ribose_phosphate"": 1, ""water"": 1}",,{},True,0.6833745089169164,full21_b3lyp_pcm,1_b3lyp_pcm,B3LYP / PCM,all_21,all balanced reaction quantities,primary
20,imidazole_2_carboxylic_acid,Imidazole-2-carboxylic acid,False,P1_total_net_nucleotide_formation,Path 1,3,Imidazole-2-carboxylic acid + Ribose + Phosphoric acid (Phosphate) -> Imidazole-2-carboxylic acid nucleotide + 2 Water,"{""imidazole_2_carboxylic_acid"": 1, ""phosphate"": 1, ""ribose"": 1}","{""imidazole_2_carboxylic_acid_ribose_phosphate"": 1, ""water"": 2}",,{},True,4.342954289894318,full21_b3lyp_pcm,1_b3lyp_pcm,B3LYP / PCM,all_21,all balanced reaction quantities,primary
20,imidazole_2_carboxylic_acid,Imidazole-2-carboxylic acid,False,P2a_ribose_phosphate_formation,Path 2,1,Ribose + Phosphoric acid (Phosphate) -> Ribose-5-Phosphate + Water,"{""phosphate"": 1, ""ribose"": 1}","{""ribo_phosphate"": 1, ""water"": 1}",,{},True,-0.3773907237342092,full21_b3lyp_pcm,1_b3lyp_pcm,B3LYP / PCM,all_21,all balanced reaction quantities,primary
20,imidazole_2_carboxylic_acid,Imidazole-2-carboxylic acid,False,P2b_nucleotide_from_ribophosphate,Path 2,2,Ribose-5-Phosphate + Imidazole-2-carboxylic acid -> Imidazole-2-carboxylic acid nucleotide + Water,"{""imidazole_2_carboxylic_acid"": 1, ""ribo_phosphate"": 1}","{""imidazole_2_carboxylic_acid_ribose_phosphate"": 1, ""water"": 1}",,{},True,4.720345013628527,full21_b3lyp_pcm,1_b3lyp_pcm,B3LYP / PCM,all_21,all balanced reaction quantities,primary
20,imidazole_2_carboxylic_acid,Imidazole-2-carboxylic acid,False,P2_total_net_nucleotide_formation,Path 2,3,Imidazole-2-carboxylic acid + Ribose + Phosphoric acid (Phosphate) -> Imidazole-2-carboxylic acid nucleotide + 2 Water,"{""imidazole_2_carboxylic_acid"": 1, ""phosphate"": 1, ""ribose"": 1}","{""imidazole_2_carboxylic_acid_ribose_phosphate"": 1, ""water"": 2}",,{},True,4.342954289894318,full21_b3lyp_pcm,1_b3lyp_pcm,B3LYP / PCM,all_21,all balanced reaction quantities,primary
21,5_amino_4_imidazolecarboxamide,5-Amino-4-imidazolecarboxamide,False,P1a_nucleoside_formation,Path 1,1,5-Amino-4-imidazolecarboxamide + Ribose -> 5-Amino-4-imidazolecarboxamide nucleoside + Water,"{""5_amino_4_imidazolecarboxamide"": 1, ""ribose"": 1}","{""5_amino_4_imidazolecarboxamide_ribose"": 1, ""water"": 1}",,{},True,-0.5991061362266206,full21_b3lyp_pcm,1_b3lyp_pcm,B3LYP / PCM,all_21,all balanced reaction quantities,primary
21,5_amino_4_imidazolecarboxamide,5-Amino-4-imidazolecarboxamide,False,P1b_nucleotide_from_nucleoside,Path 1,2,5-Amino-4-imidazolecarboxamide nucleoside + Phosphoric acid (Phosphate) -> 5-Amino-4-imidazolecarboxamide nucleotide + Water,"{""5_amino_4_imidazolecarboxamide_ribose"": 1, ""phosphate"": 1}","{""5_amino_4_imidazolecarboxamide_ribose_phosphate"": 1, ""water"": 1}",,{},True,1.7194855220377272,full21_b3lyp_pcm,1_b3lyp_pcm,B3LYP / PCM,all_21,all balanced reaction quantities,primary
21,5_amino_4_imidazolecarboxamide,5-Amino-4-imidazolecarboxamide,False,P1_total_net_nucleotide_formation,Path 1,3,5-Amino-4-imidazolecarboxamide + Ribose + Phosphoric acid (Phosphate) -> 5-Amino-4-imidazolecarboxamide nucleotide + 2 Water,"{""5_amino_4_imidazolecarboxamide"": 1, ""phosphate"": 1, ""ribose"": 1}","{""5_amino_4_imidazolecarboxamide_ribose_phosphate"": 1, ""water"": 2}",,{},True,1.1203793858111066,full21_b3lyp_pcm,1_b3lyp_pcm,B3LYP / PCM,all_21,all balanced reaction quantities,primary
21,5_amino_4_imidazolecarboxamide,5-Amino-4-imidazolecarboxamide,False,P2a_ribose_phosphate_formation,Path 2,1,Ribose + Phosphoric acid (Phosphate) -> Ribose-5-Phosphate + Water,"{""phosphate"": 1, ""ribose"": 1}","{""ribo_phosphate"": 1, ""water"": 1}",,{},True,-0.3773907237342092,full21_b3lyp_pcm,1_b3lyp_pcm,B3LYP / PCM,all_21,all balanced reaction quantities,primary
21,5_amino_4_imidazolecarboxamide,5-Amino-4-imidazolecarboxamide,False,P2b_nucleotide_from_ribophosphate,Path 2,2,Ribose-5-Phosphate + 5-Amino-4-imidazolecarboxamide -> 5-Amino-4-imidazolecarboxamide nucleotide + Water,"{""5_amino_4_imidazolecarboxamide"": 1, ""ribo_phosphate"": 1}","{""5_amino_4_imidazolecarboxamide_ribose_phosphate"": 1, ""water"": 1}",,{},True,1.4977701095453158,full21_b3lyp_pcm,1_b3lyp_pcm,B3LYP / PCM,all_21,all balanced reaction quantities,primary
21,5_amino_4_imidazolecarboxamide,5-Amino-4-imidazolecarboxamide,False,P2_total_net_nucleotide_formation,Path 2,3,5-Amino-4-imidazolecarboxamide + Ribose + Phosphoric acid (Phosphate) -> 5-Amino-4-imidazolecarboxamide nucleotide + 2 Water,"{""5_amino_4_imidazolecarboxamide"": 1, ""phosphate"": 1, ""ribose"": 1}","{""5_amino_4_imidazolecarboxamide_ribose_phosphate"": 1, ""water"": 2}",,{},True,1.1203793858111066,full21_b3lyp_pcm,1_b3lyp_pcm,B3LYP / PCM,all_21,all balanced reaction quantities,primary
1,adenine,Adenine,True,P1_total_net_nucleotide_formation,Path 1,3,Adenine + Ribose + Phosphoric acid (Phosphate) -> Adenine nucleotide + 2 Water,"{""adenine"": 1, ""phosphate"": 1, ""ribose"": 1}","{""adenine_ribose_phosphate"": 1, ""water"": 2}",,{},True,-4.243553400767138,method_sensitivity10_1_b3lyp_pcm,1_b3lyp_pcm,B3LYP / PCM,targeted_10,net nucleotide formation,primary
2,cytosine,Cytosine,True,P1_total_net_nucleotide_formation,Path 1,3,Cytosine + Ribose + Phosphoric acid (Phosphate) -> Cytosine nucleotide + 2 Water,"{""cytosine"": 1, ""phosphate"": 1, ""ribose"": 1}","{""cytosine_ribose_phosphate"": 1, ""water"": 2}",,{},True,-3.887999002470899,method_sensitivity10_1_b3lyp_pcm,1_b3lyp_pcm,B3LYP / PCM,targeted_10,net nucleotide formation,primary
3,guanine,Guanine,True,P1_total_net_nucleotide_formation,Path 1,3,Guanine + Ribose + Phosphoric acid (Phosphate) -> Guanine nucleotide + 2 Water,"{""guanine"": 1, ""phosphate"": 1, ""ribose"": 1}","{""guanine_ribose_phosphate"": 1, ""water"": 2}",,{},True,0.9124767120326416,method_sensitivity10_1_b3lyp_pcm,1_b3lyp_pcm,B3LYP / PCM,targeted_10,net nucleotide formation,primary
4,thymine,Thymine,True,P1_total_net_nucleotide_formation,Path 1,3,Thymine + Ribose + Phosphoric acid (Phosphate) -> Thymine nucleotide + 2 Water,"{""phosphate"": 1, ""ribose"": 1, ""thymine"": 1}","{""thymine_ribose_phosphate"": 1, ""water"": 2}",,{},True,3.623395451054912,method_sensitivity10_1_b3lyp_pcm,1_b3lyp_pcm,B3LYP / PCM,targeted_10,net nucleotide formation,primary
5,uracil,Uracil,True,P1_total_net_nucleotide_formation,Path 1,3,Uracil + Ribose + Phosphoric acid (Phosphate) -> Uracil nucleotide + 2 Water,"{""phosphate"": 1, ""ribose"": 1, ""uracil"": 1}","{""uracil_ribose_phosphate"": 1, ""water"": 2}",,{},True,3.661307691083305,method_sensitivity10_1_b3lyp_pcm,1_b3lyp_pcm,B3LYP / PCM,targeted_10,net nucleotide formation,primary
6,xanthine,Xanthine,False,P1_total_net_nucleotide_formation,Path 1,3,Xanthine + Ribose + Phosphoric acid (Phosphate) -> Xanthine nucleotide + 2 Water,"{""phosphate"": 1, ""ribose"": 1, ""xanthine"": 1}","{""water"": 2, ""xanthine_ribose_phosphate"": 1}",,{},True,4.9876493659373375,method_sensitivity10_1_b3lyp_pcm,1_b3lyp_pcm,B3LYP / PCM,targeted_10,net nucleotide formation,primary
10,barbituric_acid_clink,Barbituric acid (C-linked),False,P1_total_net_nucleotide_formation,Path 1,3,Barbituric acid + Ribose + Phosphoric acid (Phosphate) -> Barbituric acid nucleotide (C-linked) + 2 Water,"{""barbituric_acid"": 1, ""phosphate"": 1, ""ribose"": 1}","{""barbituric_acid_clink_ribose_phosphate"": 1, ""water"": 2}",,{},True,1.8847800517122208,method_sensitivity10_1_b3lyp_pcm,1_b3lyp_pcm,B3LYP / PCM,targeted_10,net nucleotide formation,primary
12,tap_c5link,"2,4,6-TAP (C5-linked)",False,P1_total_net_nucleotide_formation,Path 1,3,"2,4,6 TAP + Ribose + Phosphoric acid (Phosphate) -> 2,4,6 TAP nucleotide (C5-linked) + 2 Water","{""phosphate"": 1, ""ribose"": 1, ""tap_c5link"": 1}","{""tap_c5link_ribose_phosphate"": 1, ""water"": 2}",,{},True,0.6387790422088068,method_sensitivity10_1_b3lyp_pcm,1_b3lyp_pcm,B3LYP / PCM,targeted_10,net nucleotide formation,primary
14,melamine,Melamine,False,P1_total_net_nucleotide_formation,Path 1,3,Melamine + Ribose + Phosphoric acid (Phosphate) -> Melamine nucleotide + 2 Water,"{""melamine"": 1, ""phosphate"": 1, ""ribose"": 1}","{""melamine_ribose_phosphate"": 1, ""water"": 2}",,{},True,-0.5392790064918055,method_sensitivity10_1_b3lyp_pcm,1_b3lyp_pcm,B3LYP / PCM,targeted_10,net nucleotide formation,primary
19,imidazole,Imidazole,False,P1_total_net_nucleotide_formation,Path 1,3,Imidazole + Ribose + Phosphoric acid (Phosphate) -> Imidazole nucleotide + 2 Water,"{""imidazole"": 1, ""phosphate"": 1, ""ribose"": 1}","{""imidazole_ribose_phosphate"": 1, ""water"": 2}",,{},True,0.1427321756057213,method_sensitivity10_1_b3lyp_pcm,1_b3lyp_pcm,B3LYP / PCM,targeted_10,net nucleotide formation,primary
1,adenine,Adenine,True,P1a_nucleoside_formation,Path 1,1,Adenine + Ribose -> Adenine nucleoside + Water,"{""adenine"": 1, ""ribose"": 1}","{""adenine_ribose"": 1, ""water"": 1}",,{},True,-3.4183342656467115,canonical_nucleoside5_1_b3lyp_pcm,1_b3lyp_pcm,B3LYP / PCM,canonical_5,nucleoside formation thermochemistry,available_secondary
2,cytosine,Cytosine,True,P1a_nucleoside_formation,Path 1,1,Cytosine + Ribose -> Cytosine nucleoside + Water,"{""cytosine"": 1, ""ribose"": 1}","{""cytosine_ribose"": 1, ""water"": 1}",,{},True,-1.94338391445957,canonical_nucleoside5_1_b3lyp_pcm,1_b3lyp_pcm,B3LYP / PCM,canonical_5,nucleoside formation thermochemistry,available_secondary
3,guanine,Guanine,True,P1a_nucleoside_formation,Path 1,1,Guanine + Ribose -> Guanine nucleoside + Water,"{""guanine"": 1, ""ribose"": 1}","{""guanine_ribose"": 1, ""water"": 1}",,{},True,-0.8282349455768161,canonical_nucleoside5_1_b3lyp_pcm,1_b3lyp_pcm,B3LYP / PCM,canonical_5,nucleoside formation thermochemistry,available_secondary
4,thymine,Thymine,True,P1a_nucleoside_formation,Path 1,1,Thymine + Ribose -> Thymine nucleoside + Water,"{""ribose"": 1, ""thymine"": 1}","{""thymine_ribose"": 1, ""water"": 1}",,{},True,3.5915665390006803,canonical_nucleoside5_1_b3lyp_pcm,1_b3lyp_pcm,B3LYP / PCM,canonical_5,nucleoside formation thermochemistry,available_secondary
5,uracil,Uracil,True,P1a_nucleoside_formation,Path 1,1,Uracil + Ribose -> Uracil nucleoside + Water,"{""ribose"": 1, ""uracil"": 1}","{""uracil_ribose"": 1, ""water"": 1}",,{},True,3.5862458862225552,canonical_nucleoside5_1_b3lyp_pcm,1_b3lyp_pcm,B3LYP / PCM,canonical_5,nucleoside formation thermochemistry,available_secondary
1,adenine,Adenine,True,P1_total_net_nucleotide_formation,Path 1,3,Adenine + Ribose + Phosphoric acid (Phosphate) -> Adenine nucleotide + 2 Water,"{""adenine"": 1, ""phosphate"": 1, ""ribose"": 1}","{""adenine_ribose_phosphate"": 1, ""water"": 2}",,{},True,-1.397739326420605,method_sensitivity10_2_b3lyp_smd,2_b3lyp_smd,B3LYP / SMD,targeted_10,net nucleotide formation,primary
2,cytosine,Cytosine,True,P1_total_net_nucleotide_formation,Path 1,3,Cytosine + Ribose + Phosphoric acid (Phosphate) -> Cytosine nucleotide + 2 Water,"{""cytosine"": 1, ""phosphate"": 1, ""ribose"": 1}","{""cytosine_ribose_phosphate"": 1, ""water"": 2}",,{},True,-2.3216177600241017,method_sensitivity10_2_b3lyp_smd,2_b3lyp_smd,B3LYP / SMD,targeted_10,net nucleotide formation,primary
3,guanine,Guanine,True,P1_total_net_nucleotide_formation,Path 1,3,Guanine + Ribose + Phosphoric acid (Phosphate) -> Guanine nucleotide + 2 Water,"{""guanine"": 1, ""phosphate"": 1, ""ribose"": 1}","{""guanine_ribose_phosphate"": 1, ""water"": 2}",,{},True,0.7764862472842755,method_sensitivity10_2_b3lyp_smd,2_b3lyp_smd,B3LYP / SMD,targeted_10,net nucleotide formation,primary
4,thymine,Thymine,True,P1_total_net_nucleotide_formation,Path 1,3,Thymine + Ribose + Phosphoric acid (Phosphate) -> Thymine nucleotide + 2 Water,"{""phosphate"": 1, ""ribose"": 1, ""thymine"": 1}","{""thymine_ribose_phosphate"": 1, ""water"": 2}",,{},True,3.443064539576805,method_sensitivity10_2_b3lyp_smd,2_b3lyp_smd,B3LYP / SMD,targeted_10,net nucleotide formation,primary
5,uracil,Uracil,True,P1_total_net_nucleotide_formation,Path 1,3,Uracil + Ribose + Phosphoric acid (Phosphate) -> Uracil nucleotide + 2 Water,"{""phosphate"": 1, ""ribose"": 1, ""uracil"": 1}","{""uracil_ribose_phosphate"": 1, ""water"": 2}",,{},True,4.296769843606871,method_sensitivity10_2_b3lyp_smd,2_b3lyp_smd,B3LYP / SMD,targeted_10,net nucleotide formation,primary
6,xanthine,Xanthine,False,P1_total_net_nucleotide_formation,Path 1,3,Xanthine + Ribose + Phosphoric acid (Phosphate) -> Xanthine nucleotide + 2 Water,"{""phosphate"": 1, ""ribose"": 1, ""xanthine"": 1}","{""water"": 2, ""xanthine_ribose_phosphate"": 1}",,{},True,2.6350055295220245,method_sensitivity10_2_b3lyp_smd,2_b3lyp_smd,B3LYP / SMD,targeted_10,net nucleotide formation,primary
10,barbituric_acid_clink,Barbituric acid (C-linked),False,P1_total_net_nucleotide_formation,Path 1,3,Barbituric acid + Ribose + Phosphoric acid (Phosphate) -> Barbituric acid nucleotide (C-linked) + 2 Water,"{""barbituric_acid"": 1, ""phosphate"": 1, ""ribose"": 1}","{""barbituric_acid_clink_ribose_phosphate"": 1, ""water"": 2}",,{},True,1.399647080580536,method_sensitivity10_2_b3lyp_smd,2_b3lyp_smd,B3LYP / SMD,targeted_10,net nucleotide formation,primary
12,tap_c5link,"2,4,6-TAP (C5-linked)",False,P1_total_net_nucleotide_formation,Path 1,3,"2,4,6 TAP + Ribose + Phosphoric acid (Phosphate) -> 2,4,6 TAP nucleotide (C5-linked) + 2 Water","{""phosphate"": 1, ""ribose"": 1, ""tap_c5link"": 1}","{""tap_c5link_ribose_phosphate"": 1, ""water"": 2}",,{},True,-0.4106079377344238,method_sensitivity10_2_b3lyp_smd,2_b3lyp_smd,B3LYP / SMD,targeted_10,net nucleotide formation,primary
14,melamine,Melamine,False,P1_total_net_nucleotide_formation,Path 1,3,Melamine + Ribose + Phosphoric acid (Phosphate) -> Melamine nucleotide + 2 Water,"{""melamine"": 1, ""phosphate"": 1, ""ribose"": 1}","{""melamine_ribose_phosphate"": 1, ""water"": 2}",,{},True,-0.2463504304073507,method_sensitivity10_2_b3lyp_smd,2_b3lyp_smd,B3LYP / SMD,targeted_10,net nucleotide formation,primary
19,imidazole,Imidazole,False,P1_total_net_nucleotide_formation,Path 1,3,Imidazole + Ribose + Phosphoric acid (Phosphate) -> Imidazole nucleotide + 2 Water,"{""imidazole"": 1, ""phosphate"": 1, ""ribose"": 1}","{""imidazole_ribose_phosphate"": 1, ""water"": 2}",,{},True,0.7505211602003552,method_sensitivity10_2_b3lyp_smd,2_b3lyp_smd,B3LYP / SMD,targeted_10,net nucleotide formation,primary
1,adenine,Adenine,True,P1a_nucleoside_formation,Path 1,1,Adenine + Ribose -> Adenine nucleoside + Water,"{""adenine"": 1, ""ribose"": 1}","{""adenine_ribose"": 1, ""water"": 1}",,{},True,-1.4631956554176315,canonical_nucleoside5_2_b3lyp_smd,2_b3lyp_smd,B3LYP / SMD,canonical_5,nucleoside formation thermochemistry,available_secondary
2,cytosine,Cytosine,True,P1a_nucleoside_formation,Path 1,1,Cytosine + Ribose -> Cytosine nucleoside + Water,"{""cytosine"": 1, ""ribose"": 1}","{""cytosine_ribose"": 1, ""water"": 1}",,{},True,0.1290211562004276,canonical_nucleoside5_2_b3lyp_smd,2_b3lyp_smd,B3LYP / SMD,canonical_5,nucleoside formation thermochemistry,available_secondary
3,guanine,Guanine,True,P1a_nucleoside_formation,Path 1,1,Guanine + Ribose -> Guanine nucleoside + Water,"{""guanine"": 1, ""ribose"": 1}","{""guanine_ribose"": 1, ""water"": 1}",,{},True,0.0640839655945906,canonical_nucleoside5_2_b3lyp_smd,2_b3lyp_smd,B3LYP / SMD,canonical_5,nucleoside formation thermochemistry,available_secondary
4,thymine,Thymine,True,P1a_nucleoside_formation,Path 1,1,Thymine + Ribose -> Thymine nucleoside + Water,"{""ribose"": 1, ""thymine"": 1}","{""thymine_ribose"": 1, ""water"": 1}",,{},True,3.606403184710554,canonical_nucleoside5_2_b3lyp_smd,2_b3lyp_smd,B3LYP / SMD,canonical_5,nucleoside formation thermochemistry,available_secondary
5,uracil,Uracil,True,P1a_nucleoside_formation,Path 1,1,Uracil + Ribose -> Uracil nucleoside + Water,"{""ribose"": 1, ""uracil"": 1}","{""uracil_ribose"": 1, ""water"": 1}",,{},True,3.728514018414541,canonical_nucleoside5_2_b3lyp_smd,2_b3lyp_smd,B3LYP / SMD,canonical_5,nucleoside formation thermochemistry,available_secondary
1,adenine,Adenine,True,P1_total_net_nucleotide_formation,Path 1,3,Adenine + Ribose + Phosphoric acid (Phosphate) -> Adenine nucleotide + 2 Water,"{""adenine"": 1, ""phosphate"": 1, ""ribose"": 1}","{""adenine_ribose_phosphate"": 1, ""water"": 2}",,{},True,-12.90212942467716,method_sensitivity10_3_wb97xd_pcm,3_wb97xd_pcm,wB97X-D / PCM,targeted_10,net nucleotide formation,primary
2,cytosine,Cytosine,True,P1_total_net_nucleotide_formation,Path 1,3,Cytosine + Ribose + Phosphoric acid (Phosphate) -> Cytosine nucleotide + 2 Water,"{""cytosine"": 1, ""phosphate"": 1, ""ribose"": 1}","{""cytosine_ribose_phosphate"": 1, ""water"": 2}",,{},True,-13.205818282311258,method_sensitivity10_3_wb97xd_pcm,3_wb97xd_pcm,wB97X-D / PCM,targeted_10,net nucleotide formation,primary
3,guanine,Guanine,True,P1_total_net_nucleotide_formation,Path 1,3,Guanine + Ribose + Phosphoric acid (Phosphate) -> Guanine nucleotide + 2 Water,"{""guanine"": 1, ""phosphate"": 1, ""ribose"": 1}","{""guanine_ribose_phosphate"": 1, ""water"": 2}",,{},True,-6.939585858005804,method_sensitivity10_3_wb97xd_pcm,3_wb97xd_pcm,wB97X-D / PCM,targeted_10,net nucleotide formation,primary
4,thymine,Thymine,True,P1_total_net_nucleotide_formation,Path 1,3,Thymine + Ribose + Phosphoric acid (Phosphate) -> Thymine nucleotide + 2 Water,"{""phosphate"": 1, ""ribose"": 1, ""thymine"": 1}","{""thymine_ribose_phosphate"": 1, ""water"": 2}",,{},True,-5.409336234529716,method_sensitivity10_3_wb97xd_pcm,3_wb97xd_pcm,wB97X-D / PCM,targeted_10,net nucleotide formation,primary
5,uracil,Uracil,True,P1_total_net_nucleotide_formation,Path 1,3,Uracil + Ribose + Phosphoric acid (Phosphate) -> Uracil nucleotide + 2 Water,"{""phosphate"": 1, ""ribose"": 1, ""uracil"": 1}","{""uracil_ribose_phosphate"": 1, ""water"": 2}",,{},True,-3.002660443854574,method_sensitivity10_3_wb97xd_pcm,3_wb97xd_pcm,wB97X-D / PCM,targeted_10,net nucleotide formation,primary
6,xanthine,Xanthine,False,P1_total_net_nucleotide_formation,Path 1,3,Xanthine + Ribose + Phosphoric acid (Phosphate) -> Xanthine nucleotide + 2 Water,"{""phosphate"": 1, ""ribose"": 1, ""xanthine"": 1}","{""water"": 2, ""xanthine_ribose_phosphate"": 1}",,{},True,-4.51535611731772,method_sensitivity10_3_wb97xd_pcm,3_wb97xd_pcm,wB97X-D / PCM,targeted_10,net nucleotide formation,primary
10,barbituric_acid_clink,Barbituric acid (C-linked),False,P1_total_net_nucleotide_formation,Path 1,3,Barbituric acid + Ribose + Phosphoric acid (Phosphate) -> Barbituric acid nucleotide (C-linked) + 2 Water,"{""barbituric_acid"": 1, ""phosphate"": 1, ""ribose"": 1}","{""barbituric_acid_clink_ribose_phosphate"": 1, ""water"": 2}",,{},True,-7.484281651623647,method_sensitivity10_3_wb97xd_pcm,3_wb97xd_pcm,wB97X-D / PCM,targeted_10,net nucleotide formation,primary
12,tap_c5link,"2,4,6-TAP (C5-linked)",False,P1_total_net_nucleotide_formation,Path 1,3,"2,4,6 TAP + Ribose + Phosphoric acid (Phosphate) -> 2,4,6 TAP nucleotide (C5-linked) + 2 Water","{""phosphate"": 1, ""ribose"": 1, ""tap_c5link"": 1}","{""tap_c5link_ribose_phosphate"": 1, ""water"": 2}",,{},True,-8.288024651644713,method_sensitivity10_3_wb97xd_pcm,3_wb97xd_pcm,wB97X-D / PCM,targeted_10,net nucleotide formation,primary
14,melamine,Melamine,False,P1_total_net_nucleotide_formation,Path 1,3,Melamine + Ribose + Phosphoric acid (Phosphate) -> Melamine nucleotide + 2 Water,"{""melamine"": 1, ""phosphate"": 1, ""ribose"": 1}","{""melamine_ribose_phosphate"": 1, ""water"": 2}",,{},True,-5.373310288007127,method_sensitivity10_3_wb97xd_pcm,3_wb97xd_pcm,wB97X-D / PCM,targeted_10,net nucleotide formation,primary
19,imidazole,Imidazole,False,P1_total_net_nucleotide_formation,Path 1,3,Imidazole + Ribose + Phosphoric acid (Phosphate) -> Imidazole nucleotide + 2 Water,"{""imidazole"": 1, ""phosphate"": 1, ""ribose"": 1}","{""imidazole_ribose_phosphate"": 1, ""water"": 2}",,{},True,-6.6219374247095795,method_sensitivity10_3_wb97xd_pcm,3_wb97xd_pcm,wB97X-D / PCM,targeted_10,net nucleotide formation,primary
1,adenine,Adenine,True,P1a_nucleoside_formation,Path 1,1,Adenine + Ribose -> Adenine nucleoside + Water,"{""adenine"": 1, ""ribose"": 1}","{""adenine_ribose"": 1, ""water"": 1}",,{},True,-11.018517293859672,canonical_nucleoside5_3_wb97xd_pcm,3_wb97xd_pcm,wB97X-D / PCM,canonical_5,nucleoside formation thermochemistry,available_secondary
2,cytosine,Cytosine,True,P1a_nucleoside_formation,Path 1,1,Cytosine + Ribose -> Cytosine nucleoside + Water,"{""cytosine"": 1, ""ribose"": 1}","{""cytosine_ribose"": 1, ""water"": 1}",,{},True,-9.186153861423394,canonical_nucleoside5_3_wb97xd_pcm,3_wb97xd_pcm,wB97X-D / PCM,canonical_5,nucleoside formation thermochemistry,available_secondary
3,guanine,Guanine,True,P1a_nucleoside_formation,Path 1,1,Guanine + Ribose -> Guanine nucleoside + Water,"{""guanine"": 1, ""ribose"": 1}","{""guanine_ribose"": 1, ""water"": 1}",,{},True,-9.121211023506037,canonical_nucleoside5_3_wb97xd_pcm,3_wb97xd_pcm,wB97X-D / PCM,canonical_5,nucleoside formation thermochemistry,available_secondary
4,thymine,Thymine,True,P1a_nucleoside_formation,Path 1,1,Thymine + Ribose -> Thymine nucleoside + Water,"{""ribose"": 1, ""thymine"": 1}","{""thymine_ribose"": 1, ""water"": 1}",,{},True,-3.306900254687512,canonical_nucleoside5_3_wb97xd_pcm,3_wb97xd_pcm,wB97X-D / PCM,canonical_5,nucleoside formation thermochemistry,available_secondary
5,uracil,Uracil,True,P1a_nucleoside_formation,Path 1,1,Uracil + Ribose -> Uracil nucleoside + Water,"{""ribose"": 1, ""uracil"": 1}","{""uracil_ribose"": 1, ""water"": 1}",,{},True,-2.919996738171884,canonical_nucleoside5_3_wb97xd_pcm,3_wb97xd_pcm,wB97X-D / PCM,canonical_5,nucleoside formation thermochemistry,available_secondary
1,adenine,Adenine,True,P1_total_net_nucleotide_formation,Path 1,3,Adenine + Ribose + Phosphoric acid (Phosphate) -> Adenine nucleotide + 2 Water,"{""adenine"": 1, ""phosphate"": 1, ""ribose"": 1}","{""adenine_ribose_phosphate"": 1, ""water"": 2}",,{},True,-9.179449424634113,method_sensitivity10_4_wb97xd_smd,4_wb97xd_smd,wB97X-D / SMD,targeted_10,net nucleotide formation,primary
2,cytosine,Cytosine,True,P1_total_net_nucleotide_formation,Path 1,3,Cytosine + Ribose + Phosphoric acid (Phosphate) -> Cytosine nucleotide + 2 Water,"{""cytosine"": 1, ""phosphate"": 1, ""ribose"": 1}","{""cytosine_ribose_phosphate"": 1, ""water"": 2}",,{},True,-8.77671572680686,method_sensitivity10_4_wb97xd_smd,4_wb97xd_smd,wB97X-D / SMD,targeted_10,net nucleotide formation,primary
3,guanine,Guanine,True,P1_total_net_nucleotide_formation,Path 1,3,Guanine + Ribose + Phosphoric acid (Phosphate) -> Guanine nucleotide + 2 Water,"{""guanine"": 1, ""phosphate"": 1, ""ribose"": 1}","{""guanine_ribose_phosphate"": 1, ""water"": 2}",,{},True,-4.277083114462246,method_sensitivity10_4_wb97xd_smd,4_wb97xd_smd,wB97X-D / SMD,targeted_10,net nucleotide formation,primary
4,thymine,Thymine,True,P1_total_net_nucleotide_formation,Path 1,3,Thymine + Ribose + Phosphoric acid (Phosphate) -> Thymine nucleotide + 2 Water,"{""phosphate"": 1, ""ribose"": 1, ""thymine"": 1}","{""thymine_ribose_phosphate"": 1, ""water"": 2}",,{},True,-3.0263469183209906,method_sensitivity10_4_wb97xd_smd,4_wb97xd_smd,wB97X-D / SMD,targeted_10,net nucleotide formation,primary
5,uracil,Uracil,True,P1_total_net_nucleotide_formation,Path 1,3,Uracil + Ribose + Phosphoric acid (Phosphate) -> Uracil nucleotide + 2 Water,"{""phosphate"": 1, ""ribose"": 1, ""uracil"": 1}","{""uracil_ribose_phosphate"": 1, ""water"": 2}",,{},True,-1.7349832491212844,method_sensitivity10_4_wb97xd_smd,4_wb97xd_smd,wB97X-D / SMD,targeted_10,net nucleotide formation,primary
6,xanthine,Xanthine,False,P1_total_net_nucleotide_formation,Path 1,3,Xanthine + Ribose + Phosphoric acid (Phosphate) -> Xanthine nucleotide + 2 Water,"{""phosphate"": 1, ""ribose"": 1, ""xanthine"": 1}","{""water"": 2, ""xanthine_ribose_phosphate"": 1}",,{},True,-4.658159577702399,method_sensitivity10_4_wb97xd_smd,4_wb97xd_smd,wB97X-D / SMD,targeted_10,net nucleotide formation,primary
10,barbituric_acid_clink,Barbituric acid (C-linked),False,P1_total_net_nucleotide_formation,Path 1,3,Barbituric acid + Ribose + Phosphoric acid (Phosphate) -> Barbituric acid nucleotide (C-linked) + 2 Water,"{""barbituric_acid"": 1, ""phosphate"": 1, ""ribose"": 1}","{""barbituric_acid_clink_ribose_phosphate"": 1, ""water"": 2}",,{},True,-6.402644700798901,method_sensitivity10_4_wb97xd_smd,4_wb97xd_smd,wB97X-D / SMD,targeted_10,net nucleotide formation,primary
12,tap_c5link,"2,4,6-TAP (C5-linked)",False,P1_total_net_nucleotide_formation,Path 1,3,"2,4,6 TAP + Ribose + Phosphoric acid (Phosphate) -> 2,4,6 TAP nucleotide (C5-linked) + 2 Water","{""phosphate"": 1, ""ribose"": 1, ""tap_c5link"": 1}","{""tap_c5link_ribose_phosphate"": 1, ""water"": 2}",,{},True,-7.534782233787805,method_sensitivity10_4_wb97xd_smd,4_wb97xd_smd,wB97X-D / SMD,targeted_10,net nucleotide formation,primary
14,melamine,Melamine,False,P1_total_net_nucleotide_formation,Path 1,3,Melamine + Ribose + Phosphoric acid (Phosphate) -> Melamine nucleotide + 2 Water,"{""melamine"": 1, ""phosphate"": 1, ""ribose"": 1}","{""melamine_ribose_phosphate"": 1, ""water"": 2}",,{},True,-4.704984962351219,method_sensitivity10_4_wb97xd_smd,4_wb97xd_smd,wB97X-D / SMD,targeted_10,net nucleotide formation,primary
19,imidazole,Imidazole,False,P1_total_net_nucleotide_formation,Path 1,3,Imidazole + Ribose + Phosphoric acid (Phosphate) -> Imidazole nucleotide + 2 Water,"{""imidazole"": 1, ""phosphate"": 1, ""ribose"": 1}","{""imidazole_ribose_phosphate"": 1, ""water"": 2}",,{},True,-5.952784413821696,method_sensitivity10_4_wb97xd_smd,4_wb97xd_smd,wB97X-D / SMD,targeted_10,net nucleotide formation,primary
1,adenine,Adenine,True,P1a_nucleoside_formation,Path 1,1,Adenine + Ribose -> Adenine nucleoside + Water,"{""adenine"": 1, ""ribose"": 1}","{""adenine_ribose"": 1, ""water"": 1}",,{},True,-7.143640267331159,canonical_nucleoside5_4_wb97xd_smd,4_wb97xd_smd,wB97X-D / SMD,canonical_5,nucleoside formation thermochemistry,available_secondary
2,cytosine,Cytosine,True,P1a_nucleoside_formation,Path 1,1,Cytosine + Ribose -> Cytosine nucleoside + Water,"{""cytosine"": 1, ""ribose"": 1}","{""cytosine_ribose"": 1, ""water"": 1}",,{},True,-4.527955503531968,canonical_nucleoside5_4_wb97xd_smd,4_wb97xd_smd,wB97X-D / SMD,canonical_5,nucleoside formation thermochemistry,available_secondary
3,guanine,Guanine,True,P1a_nucleoside_formation,Path 1,1,Guanine + Ribose -> Guanine nucleoside + Water,"{""guanine"": 1, ""ribose"": 1}","{""guanine_ribose"": 1, ""water"": 1}",,{},True,-6.8687427995254975,canonical_nucleoside5_4_wb97xd_smd,4_wb97xd_smd,wB97X-D / SMD,canonical_5,nucleoside formation thermochemistry,available_secondary
4,thymine,Thymine,True,P1a_nucleoside_formation,Path 1,1,Thymine + Ribose -> Thymine nucleoside + Water,"{""ribose"": 1, ""thymine"": 1}","{""thymine_ribose"": 1, ""water"": 1}",,{},True,-1.2422500088462534,canonical_nucleoside5_4_wb97xd_smd,4_wb97xd_smd,wB97X-D / SMD,canonical_5,nucleoside formation thermochemistry,available_secondary
5,uracil,Uracil,True,P1a_nucleoside_formation,Path 1,1,Uracil + Ribose -> Uracil nucleoside + Water,"{""ribose"": 1, ""uracil"": 1}","{""uracil_ribose"": 1, ""water"": 1}",,{},True,-0.9167677472964596,canonical_nucleoside5_4_wb97xd_smd,4_wb97xd_smd,wB97X-D / SMD,canonical_5,nucleoside formation thermochemistry,available_secondary
