method_id,species_id,molecule_class,transferred_file,transferred_g_hartree,legacy_file,legacy_g_hartree,transferred_minus_legacy_kcal_mol,numerically_lower_file,primary_policy_selected_file,primary_policy,snapshot_delta_kcal_mol,matches_snapshot_audit
2_b3lyp_smd,adenine_ribose,nucleoside,adenine_ribose_conf1_b3lyp_smd_water.log,-963.718228256,adenine_ribose_smd_water.log,-963.716263144,-1.233126397662345,adenine_ribose_conf1_b3lyp_smd_water.log,adenine_ribose_conf1_b3lyp_smd_water.log,required_transferred_structure,-1.2331263975910054,True
2_b3lyp_smd,cytosine_ribose,nucleoside,cytosine_ribose_conf1_b3lyp_smd_water.log,-891.328407353,cytosine_ribose_smd_water.log,-891.329290827,0.5543883051096689,cytosine_ribose_smd_water.log,cytosine_ribose_conf1_b3lyp_smd_water.log,required_transferred_structure,0.5543883051096689,True
2_b3lyp_smd,guanine_ribose,nucleoside,guanine_ribose_conf1_b3lyp_smd_water.log,-1038.99407222,guanine_ribose_smd_water.log,-1038.99300574,-0.6692263040183524,guanine_ribose_conf1_b3lyp_smd_water.log,guanine_ribose_conf1_b3lyp_smd_water.log,required_transferred_structure,-0.6692263038756732,True
2_b3lyp_smd,thymine_ribose,nucleoside,thymine_ribose_conf2_b3lyp_smd_water.log,-950.527780268,thymine_ribose_smd_water.log,-950.529664318,1.182259224573557,thymine_ribose_smd_water.log,thymine_ribose_conf2_b3lyp_smd_water.log,required_transferred_structure,1.182259224573557,True
2_b3lyp_smd,uracil_ribose,nucleoside,uracil_ribose_conf4_b3lyp_smd_water.log,-911.222631558,uracil_ribose_smd_water.log,-911.222070653,-0.35197320150502,uracil_ribose_conf4_b3lyp_smd_water.log,uracil_ribose_conf4_b3lyp_smd_water.log,required_transferred_structure,-0.3519732015763596,True
3_wb97xd_pcm,adenine_ribose,nucleoside,adenine_ribose_conf1_wb97xd_pcm_water.log,-963.389612042,adenine_ribose_pcm_water.log,-963.382752089,-4.30468549920072,adenine_ribose_conf1_wb97xd_pcm_water.log,adenine_ribose_conf1_wb97xd_pcm_water.log,required_transferred_structure,-4.304685499129381,True
3_wb97xd_pcm,cytosine_ribose,nucleoside,cytosine_ribose_conf1_wb97xd_pcm_water.log,-891.026874026,cytosine_ribose_pcm_water.log,-891.021940281,-3.0959717301218928,cytosine_ribose_conf1_wb97xd_pcm_water.log,cytosine_ribose_conf1_wb97xd_pcm_water.log,required_transferred_structure,-3.0959717301218928,True
3_wb97xd_pcm,guanine_ribose,nucleoside,guanine_ribose_conf1_wb97xd_pcm_water.log,-1038.6420342800002,guanine_ribose_pcm_water.log,-1038.6355886499998,-4.044693891538295,guanine_ribose_conf1_wb97xd_pcm_water.log,guanine_ribose_conf1_wb97xd_pcm_water.log,required_transferred_structure,-4.044693891538295,True
3_wb97xd_pcm,thymine_ribose,nucleoside,thymine_ribose_conf2_wb97xd_pcm_water.log,-950.211848544,thymine_ribose_pcm_water.log,-950.209001546,-1.7865182175644951,thymine_ribose_conf2_wb97xd_pcm_water.log,thymine_ribose_conf2_wb97xd_pcm_water.log,required_transferred_structure,-1.7865182176358347,True
3_wb97xd_pcm,uracil_ribose,nucleoside,uracil_ribose_conf4_wb97xd_pcm_water.log,-910.917867336,uracil_ribose_pcm_water.log,-910.913142949,-2.9645976015756146,uracil_ribose_conf4_wb97xd_pcm_water.log,uracil_ribose_conf4_wb97xd_pcm_water.log,required_transferred_structure,-2.964597601646954,True
4_wb97xd_smd,adenine_ribose,nucleoside,adenine_ribose_conf1_wb97xd_smd_water.log,-963.409827579,adenine_ribose_smd_water.log,-963.403765858,-3.803787356650669,adenine_ribose_conf1_wb97xd_smd_water.log,adenine_ribose_conf1_wb97xd_smd_water.log,required_transferred_structure,-3.80378735657933,True
4_wb97xd_smd,cytosine_ribose,nucleoside,cytosine_ribose_conf1_wb97xd_smd_water.log,-891.043310227,cytosine_ribose_smd_water.log,-891.044502499,0.7481619756762848,cytosine_ribose_smd_water.log,cytosine_ribose_conf1_wb97xd_smd_water.log,required_transferred_structure,0.7481619756762848,True
4_wb97xd_smd,guanine_ribose,nucleoside,guanine_ribose_conf1_wb97xd_smd_water.log,-1038.66634329,guanine_ribose_smd_water.log,-1038.66117294,-3.2444436091241906,guanine_ribose_conf1_wb97xd_smd_water.log,guanine_ribose_conf1_wb97xd_smd_water.log,required_transferred_structure,-3.24444360926687,True
4_wb97xd_smd,thymine_ribose,nucleoside,thymine_ribose_conf2_wb97xd_smd_water.log,-950.226705698,thymine_ribose_smd_water.log,-950.227494305,0.4948583638150199,thymine_ribose_smd_water.log,thymine_ribose_conf2_wb97xd_smd_water.log,required_transferred_structure,0.4948583638150199,True
4_wb97xd_smd,uracil_ribose,nucleoside,uracil_ribose_conf4_wb97xd_smd_water.log,-910.933371458,uracil_ribose_smd_water.log,-910.931703347,-1.0467554562625896,uracil_ribose_conf4_wb97xd_smd_water.log,uracil_ribose_conf4_wb97xd_smd_water.log,required_transferred_structure,-1.0467554562625896,True
2_b3lyp_smd,adenine_ribose_phosphate,nucleotide,adenine_ribose_phosphate_conf13_b3lyp_smd_water.log,-1531.58924005,adenine_ribose_phosphate_smd_water.log,-1531.5835699,-3.558072844367969,adenine_ribose_phosphate_conf13_b3lyp_smd_water.log,adenine_ribose_phosphate_conf13_b3lyp_smd_water.log,required_transferred_structure,-3.558072844367969,True
2_b3lyp_smd,barbituric_acid_clink_ribose_phosphate,nucleotide,barbituric_acid_Clink_ribose_phosphate_conf1_b3lyp_smd_water.log,-1554.37035833,barbituric_acid_Clink_ribose_phosphate_smd_water.log,-1554.36823478,-1.3325477436959348,barbituric_acid_Clink_ribose_phosphate_conf1_b3lyp_smd_water.log,barbituric_acid_Clink_ribose_phosphate_conf1_b3lyp_smd_water.log,required_transferred_structure,-1.3325477436959348,True
2_b3lyp_smd,cytosine_ribose_phosphate,nucleotide,cytosine_ribose_phosphate_conf2_b3lyp_smd_water.log,-1459.2034288,cytosine_ribose_phosphate_smd_water.log,-1459.19915129,-2.684178050297996,cytosine_ribose_phosphate_conf2_b3lyp_smd_water.log,cytosine_ribose_phosphate_conf2_b3lyp_smd_water.log,required_transferred_structure,-2.6841780504406754,True
2_b3lyp_smd,guanine_ribose_phosphate,nucleotide,guanine_ribose_phosphate_conf87_b3lyp_smd_water.log,-1606.86405304,guanine_ribose_phosphate_smd_water.log,-1606.8627099599998,-0.8427954245482913,guanine_ribose_phosphate_conf87_b3lyp_smd_water.log,guanine_ribose_phosphate_conf87_b3lyp_smd_water.log,required_transferred_structure,-0.8427954245482913,True
2_b3lyp_smd,imidazole_ribose_phosphate,nucleotide,imidazole_ribose_phosphate_conf11_b3lyp_smd_water.log,-1290.42646233,imidazole_ribose_phosphate_smd_water.log,-1290.42621073,-0.1578813837893087,imidazole_ribose_phosphate_conf11_b3lyp_smd_water.log,imidazole_ribose_phosphate_conf11_b3lyp_smd_water.log,required_transferred_structure,-0.1578813836466295,True
2_b3lyp_smd,melamine_ribose_phosphate,nucleotide,melamine_ribose_phosphate_conf79_b3lyp_smd_water.log,-1510.77321658,melamine_ribose_phosphate_smd_water.log,-1510.7725970600002,-0.3887546692917927,melamine_ribose_phosphate_conf79_b3lyp_smd_water.log,melamine_ribose_phosphate_conf79_b3lyp_smd_water.log,required_transferred_structure,-0.3887546692917927,True
2_b3lyp_smd,tap_c5link_ribose_phosphate,nucleotide,tap_C5link_ribose_phosphate_dft_seed_b3lyp_smd_water.log,-1494.69064311,tap_C5link_ribose_phosphate_smd_water.log,-1494.68925814,-0.8690817962241567,tap_C5link_ribose_phosphate_dft_seed_b3lyp_smd_water.log,tap_C5link_ribose_phosphate_dft_seed_b3lyp_smd_water.log,required_transferred_structure,-0.8690817963668359,True
2_b3lyp_smd,thymine_ribose_phosphate,nucleotide,thymine_ribose_phosphate_conf46_b3lyp_smd_water.log,-1518.39915667,thymine_ribose_phosphate_smd_water.log,-1518.39843499,-0.4528610372228054,thymine_ribose_phosphate_conf46_b3lyp_smd_water.log,thymine_ribose_phosphate_conf46_b3lyp_smd_water.log,required_transferred_structure,-0.4528610372228054,True
2_b3lyp_smd,uracil_ribose_phosphate,nucleotide,uracil_ribose_phosphate_conf65_b3lyp_smd_water.log,-1479.09284209,uracil_ribose_phosphate_smd_water.log,-1479.09183363,-0.6328182041297871,uracil_ribose_phosphate_conf65_b3lyp_smd_water.log,uracil_ribose_phosphate_conf65_b3lyp_smd_water.log,required_transferred_structure,-0.6328182041297871,True
2_b3lyp_smd,xanthine_ribose_phosphate,nucleotide,xanthine_ribose_phosphate_dft_seed_b3lyp_smd_water.log,-1626.75876102,xanthine_ribose_phosphate_smd_water.log,-1626.75870497,-0.0351719060287446,xanthine_ribose_phosphate_dft_seed_b3lyp_smd_water.log,xanthine_ribose_phosphate_dft_seed_b3lyp_smd_water.log,required_transferred_structure,-0.0351719060287446,True
3_wb97xd_pcm,adenine_ribose_phosphate,nucleotide,adenine_ribose_phosphate_conf13_wb97xd_pcm_water.log,-1531.16869142,adenine_ribose_phosphate_pcm_water.log,-1531.16433045,-2.7365499910294497,adenine_ribose_phosphate_conf13_wb97xd_pcm_water.log,adenine_ribose_phosphate_conf13_wb97xd_pcm_water.log,required_transferred_structure,-2.7365499910294497,True
3_wb97xd_pcm,barbituric_acid_clink_ribose_phosphate,nucleotide,barbituric_acid_Clink_ribose_phosphate_conf1_wb97xd_pcm_water.log,-1553.9518852,barbituric_acid_Clink_ribose_phosphate_pcm_water.log,-1553.94949882,-1.4974760586906786,barbituric_acid_Clink_ribose_phosphate_conf1_wb97xd_pcm_water.log,barbituric_acid_Clink_ribose_phosphate_conf1_wb97xd_pcm_water.log,required_transferred_structure,-1.4974760588333578,True
3_wb97xd_pcm,cytosine_ribose_phosphate,nucleotide,cytosine_ribose_phosphate_conf2_wb97xd_pcm_water.log,-1458.80935742,cytosine_ribose_phosphate_pcm_water.log,-1458.80112793,-5.164082941755302,cytosine_ribose_phosphate_conf2_wb97xd_pcm_water.log,cytosine_ribose_phosphate_conf2_wb97xd_pcm_water.log,required_transferred_structure,-5.164082941755302,True
3_wb97xd_pcm,guanine_ribose_phosphate,nucleotide,guanine_ribose_phosphate_conf87_wb97xd_pcm_water.log,-1606.41463529,guanine_ribose_phosphate_pcm_water.log,-1606.41525248,0.3872925722701414,guanine_ribose_phosphate_pcm_water.log,guanine_ribose_phosphate_conf87_wb97xd_pcm_water.log,required_transferred_structure,0.3872925722701414,True
3_wb97xd_pcm,imidazole_ribose_phosphate,nucleotide,imidazole_ribose_phosphate_conf11_wb97xd_pcm_water.log,-1290.0924522500002,imidazole_ribose_phosphate_pcm_water.log,-1290.08723748,-3.272317580101437,imidazole_ribose_phosphate_conf11_wb97xd_pcm_water.log,imidazole_ribose_phosphate_conf11_wb97xd_pcm_water.log,required_transferred_structure,-3.272317580101437,True
3_wb97xd_pcm,melamine_ribose_phosphate,nucleotide,melamine_ribose_phosphate_conf79_wb97xd_pcm_water.log,-1510.35526883,melamine_ribose_phosphate_pcm_water.log,-1510.35270024,-1.611814559847248,melamine_ribose_phosphate_conf79_wb97xd_pcm_water.log,melamine_ribose_phosphate_conf79_wb97xd_pcm_water.log,required_transferred_structure,-1.611814559989927,True
3_wb97xd_pcm,tap_c5link_ribose_phosphate,nucleotide,tap_C5link_ribose_phosphate_dft_seed_wb97xd_pcm_water.log,-1494.28237072,tap_C5link_ribose_phosphate_pcm_water.log,-1494.28094283,-0.896014502957015,tap_C5link_ribose_phosphate_dft_seed_wb97xd_pcm_water.log,tap_C5link_ribose_phosphate_dft_seed_wb97xd_pcm_water.log,required_transferred_structure,-0.896014502957015,True
3_wb97xd_pcm,thymine_ribose_phosphate,nucleotide,thymine_ribose_phosphate_conf46_wb97xd_pcm_water.log,-1517.99127664,thymine_ribose_phosphate_pcm_water.log,-1517.9855402500002,-3.599639071802135,thymine_ribose_phosphate_conf46_wb97xd_pcm_water.log,thymine_ribose_phosphate_conf46_wb97xd_pcm_water.log,required_transferred_structure,-3.599639071802135,True
3_wb97xd_pcm,uracil_ribose_phosphate,nucleotide,uracil_ribose_phosphate_conf65_wb97xd_pcm_water.log,-1478.69407672,uracil_ribose_phosphate_pcm_water.log,-1478.69030821,-2.364775728164235,uracil_ribose_phosphate_conf65_wb97xd_pcm_water.log,uracil_ribose_phosphate_conf65_wb97xd_pcm_water.log,required_transferred_structure,-2.364775728164235,True
3_wb97xd_pcm,xanthine_ribose_phosphate,nucleotide,xanthine_ribose_phosphate_dft_seed_wb97xd_pcm_water.log,-1626.30798721,xanthine_ribose_phosphate_pcm_water.log,-1626.31067497,1.6865948640527977,xanthine_ribose_phosphate_pcm_water.log,xanthine_ribose_phosphate_dft_seed_wb97xd_pcm_water.log,required_transferred_structure,1.6865948640527977,True
4_wb97xd_smd,adenine_ribose_phosphate,nucleotide,adenine_ribose_phosphate_conf13_wb97xd_smd_water.log,-1531.19424706,adenine_ribose_phosphate_smd_water.log,-1531.18725281,-4.388958138924582,adenine_ribose_phosphate_conf13_wb97xd_smd_water.log,adenine_ribose_phosphate_conf13_wb97xd_smd_water.log,required_transferred_structure,-4.388958138924582,True
4_wb97xd_smd,barbituric_acid_clink_ribose_phosphate,nucleotide,barbituric_acid_Clink_ribose_phosphate_conf1_wb97xd_smd_water.log,-1553.97615321,barbituric_acid_Clink_ribose_phosphate_smd_water.log,-1553.97265508,-2.195109716520298,barbituric_acid_Clink_ribose_phosphate_conf1_wb97xd_smd_water.log,barbituric_acid_Clink_ribose_phosphate_conf1_wb97xd_smd_water.log,required_transferred_structure,-2.195109716377619,True
4_wb97xd_smd,cytosine_ribose_phosphate,nucleotide,cytosine_ribose_phosphate_conf2_wb97xd_smd_water.log,-1458.83125627,cytosine_ribose_phosphate_smd_water.log,-1458.82560722,-3.544832394520068,cytosine_ribose_phosphate_conf2_wb97xd_smd_water.log,cytosine_ribose_phosphate_conf2_wb97xd_smd_water.log,required_transferred_structure,-3.544832394520068,True
4_wb97xd_smd,guanine_ribose_phosphate,nucleotide,guanine_ribose_phosphate_conf87_wb97xd_smd_water.log,-1606.44338843,guanine_ribose_phosphate_smd_water.log,-1606.44236332,-0.6432662370998145,guanine_ribose_phosphate_conf87_wb97xd_smd_water.log,guanine_ribose_phosphate_conf87_wb97xd_smd_water.log,required_transferred_structure,-0.6432662369571353,True
4_wb97xd_smd,imidazole_ribose_phosphate,nucleotide,imidazole_ribose_phosphate_conf11_wb97xd_smd_water.log,-1290.1118563,imidazole_ribose_phosphate_smd_water.log,-1290.10620012,-3.549306536981082,imidazole_ribose_phosphate_conf11_wb97xd_smd_water.log,imidazole_ribose_phosphate_conf11_wb97xd_smd_water.log,required_transferred_structure,-3.549306536981082,True
4_wb97xd_smd,melamine_ribose_phosphate,nucleotide,melamine_ribose_phosphate_conf79_wb97xd_smd_water.log,-1510.38471324,melamine_ribose_phosphate_smd_water.log,-1510.38051257,-2.6359602224412866,melamine_ribose_phosphate_conf79_wb97xd_smd_water.log,melamine_ribose_phosphate_conf79_wb97xd_smd_water.log,required_transferred_structure,-2.6359602224412866,True
4_wb97xd_smd,tap_c5link_ribose_phosphate,nucleotide,tap_C5link_ribose_phosphate_dft_seed_wb97xd_smd_water.log,-1494.30905415,tap_C5link_ribose_phosphate_smd_water.log,-1494.30802278,-0.6471944462420114,tap_C5link_ribose_phosphate_dft_seed_wb97xd_smd_water.log,tap_C5link_ribose_phosphate_dft_seed_wb97xd_smd_water.log,required_transferred_structure,-0.6471944462420114,True
4_wb97xd_smd,thymine_ribose_phosphate,nucleotide,thymine_ribose_phosphate_conf46_wb97xd_smd_water.log,-1518.01072405,thymine_ribose_phosphate_smd_water.log,-1518.00944347,-0.8035760822686783,thymine_ribose_phosphate_conf46_wb97xd_smd_water.log,thymine_ribose_phosphate_conf46_wb97xd_smd_water.log,required_transferred_structure,-0.8035760822686783,True
4_wb97xd_smd,uracil_ribose_phosphate,nucleotide,uracil_ribose_phosphate_conf65_wb97xd_smd_water.log,-1478.71585058,uracil_ribose_phosphate_smd_water.log,-1478.7133936599998,-1.541740577148996,uracil_ribose_phosphate_conf65_wb97xd_smd_water.log,uracil_ribose_phosphate_conf65_wb97xd_smd_water.log,required_transferred_structure,-1.541740577148996,True
4_wb97xd_smd,xanthine_ribose_phosphate,nucleotide,xanthine_ribose_phosphate_dft_seed_wb97xd_smd_water.log,-1626.33738546,xanthine_ribose_phosphate_smd_water.log,-1626.33746159,0.0477722962760689,xanthine_ribose_phosphate_smd_water.log,xanthine_ribose_phosphate_dft_seed_wb97xd_smd_water.log,required_transferred_structure,0.0477722962760689,True
