species_id,molecule_class,display_name,formula,connectivity_fingerprint,base_species_id,canonical,display_order,notes,charge,multiplicity,identity_validation_scope
ribose,shared,Ribose,C5H10O5,ce1878e24990edf4e2a0b6972e9700dc6ca1007cbc009a2a43a94580cd8b3924,,False,1,,0,1,formula and distance-inferred connectivity; not an independent bond-order or absolute-stereochemistry assignment
water,shared,Water,H2O,4d33006dc242c53c63d8b306e40a809b0d8e8eb8bc4cfe6c68bb3721106a0b8f,,False,2,,0,1,formula and distance-inferred connectivity; not an independent bond-order or absolute-stereochemistry assignment
phosphate,shared,Phosphoric acid (Phosphate),H3PO4,5c4789f10422fe6fa2dd1a0e8ed5649bfd2718c05ac8c1a1dacb93fd5617d656,,False,3,,0,1,formula and distance-inferred connectivity; not an independent bond-order or absolute-stereochemistry assignment
ribo_phosphate,shared,Ribose-5-Phosphate,C5H11O8P,33574217d6ecee17adbc4645f14135ec7b1cd18c88b28defc26cb17ab7ddac60,,False,4,,0,1,formula and distance-inferred connectivity; not an independent bond-order or absolute-stereochemistry assignment
adenine,base,Adenine,C5H5N5,00d9ec394c6c6318ac5877eaba5ea94730f93eebd6328542b088588a4d60d9dd,adenine,True,5,,0,1,formula and distance-inferred connectivity; not an independent bond-order or absolute-stereochemistry assignment
cytosine,base,Cytosine,C4H5N3O,3e51a3700f7ee411106568bce577129c254e7a784083589a380898a5d05f0244,cytosine,True,6,,0,1,formula and distance-inferred connectivity; not an independent bond-order or absolute-stereochemistry assignment
guanine,base,Guanine,C5H5N5O,adfd06c6215d53281eb23e38ce7957b310d2d3da212ac6aa137511c8c1c57104,guanine,True,7,,0,1,formula and distance-inferred connectivity; not an independent bond-order or absolute-stereochemistry assignment
thymine,base,Thymine,C5H6N2O2,d05979c15f675d78e05f40aeef9792646aa0ac7ecf0bd0b38dd2bfbd9f773a7b,thymine,True,8,,0,1,formula and distance-inferred connectivity; not an independent bond-order or absolute-stereochemistry assignment
uracil,base,Uracil,C4H4N2O2,b5fe80bb9956df119b4dd400d94e5d5c25851eab170d7b479ea2eb8bac270ab1,uracil,True,9,,0,1,formula and distance-inferred connectivity; not an independent bond-order or absolute-stereochemistry assignment
xanthine,base,Xanthine,C5H4N4O2,68ff494af0efc4f908756e43d3c0990c8003e8c75128e2242effbf7bfdd93737,xanthine,False,10,,0,1,formula and distance-inferred connectivity; not an independent bond-order or absolute-stereochemistry assignment
hypoxanthine,base,Hypoxanthine,C5H4N4O,7388934726085bac98c8c2776eb71958f5f1fedfb780da1a6848005a03b0d19f,hypoxanthine,False,11,,0,1,formula and distance-inferred connectivity; not an independent bond-order or absolute-stereochemistry assignment
2_6_diaminopurine,base,"2,6-Diaminopurine",C5H6N6,9ac865b7d1ec4fe6a469f2716a157949e9f1d528ec03d3e3767d747d1b2ba788,2_6_diaminopurine,False,12,,0,1,formula and distance-inferred connectivity; not an independent bond-order or absolute-stereochemistry assignment
purine,base,Purine,C5H4N4,04435adf9598270f5a119eaffb41d33bd8021d21501758c4a315487a3b26be9c,purine,False,13,,0,1,formula and distance-inferred connectivity; not an independent bond-order or absolute-stereochemistry assignment
barbituric_acid,base,Barbituric acid,C4H4N2O3,ec7c94f29e9d0a53574fa28935a10fb70b15f3e0f7def89e2a8d6d6c05fa2652,barbituric_acid,False,14,Shared physical base species used by the C-linked and N-linked reaction families.,0,1,formula and distance-inferred connectivity; not an independent bond-order or absolute-stereochemistry assignment
tap_c5link,base,"2,4,6 TAP",C4H7N5,dae6c5cef525a0d1c3973bac78c5e3ab4731d76dc169afb473a22ee50880ee94,tap_c5link,False,15,,0,1,formula and distance-inferred connectivity; not an independent bond-order or absolute-stereochemistry assignment
cyanuric_acid_nlink,base,Cyanuric acid,C3H3N3O3,9567c771fbc352c302dd3c56aa1aca84289d479e1dd7f460d60a14d94c6b1afb,cyanuric_acid_nlink,False,16,,0,1,formula and distance-inferred connectivity; not an independent bond-order or absolute-stereochemistry assignment
melamine,base,Melamine,C3H6N6,a31f5bda4ba0ba486c68a1a38e6e57f11836c7c4d6ede44e29e57689e37175da,melamine,False,17,,0,1,formula and distance-inferred connectivity; not an independent bond-order or absolute-stereochemistry assignment
isocytosine,base,Isocytosine,C4H5N3O,33d0411944939fce2200e599619f1ae6f3b74baac2934139fff7434ac19097f3,isocytosine,False,18,,0,1,formula and distance-inferred connectivity; not an independent bond-order or absolute-stereochemistry assignment
6_methyluracil,base,6-Methyluracil,C5H6N2O2,61824a9dec520a6e53be2d379110eaa3cfe44de3bf3710fb453a2862b64f37ab,6_methyluracil,False,19,,0,1,formula and distance-inferred connectivity; not an independent bond-order or absolute-stereochemistry assignment
1_methyluracil,base,1-Methyluracil,C5H6N2O2,8b67dd27fca984f27013bec76c7330a5c500edff1fef0d31153c41bdb1858b39,1_methyluracil,False,20,,0,1,formula and distance-inferred connectivity; not an independent bond-order or absolute-stereochemistry assignment
dihydrouracil,base,Dihydrouracil,C4H6N2O2,fb46157f5831443f6cc858fd5cff04f486a1ba5a8284798a69e62f73af4a8e8c,dihydrouracil,False,21,,0,1,formula and distance-inferred connectivity; not an independent bond-order or absolute-stereochemistry assignment
imidazole,base,Imidazole,C3H4N2,7a8d356d5ff1c01228da940a671cf0ed6decd54cd33315365bf8e9b3e16543b4,imidazole,False,22,,0,1,formula and distance-inferred connectivity; not an independent bond-order or absolute-stereochemistry assignment
imidazole_2_carboxylic_acid,base,Imidazole-2-carboxylic acid,C4H4N2O2,36532a36b813c6bef688b0218f933a1efaa0027388824a9f43146878b8d31356,imidazole_2_carboxylic_acid,False,23,,0,1,formula and distance-inferred connectivity; not an independent bond-order or absolute-stereochemistry assignment
5_amino_4_imidazolecarboxamide,base,5-Amino-4-imidazolecarboxamide,C4H6N4O,7ee2ec4ef236fc90a1ce2865c082d8d45353b8c5b811fa01634a807e95f26d0d,5_amino_4_imidazolecarboxamide,False,24,,0,1,formula and distance-inferred connectivity; not an independent bond-order or absolute-stereochemistry assignment
adenine_ribose,nucleoside,Adenine nucleoside,C10H13N5O4,6e9c754dc91cdfc5dc6259c0e36fafd922f28a1bb904db3d5e90ee4d992e514d,adenine,True,25,,0,1,formula and distance-inferred connectivity; not an independent bond-order or absolute-stereochemistry assignment
cytosine_ribose,nucleoside,Cytosine nucleoside,C9H13N3O5,02000277ed68c604e74a7dce3ab922edbf0f5d1b5f39ca6bb1421baf111456c8,cytosine,True,26,,0,1,formula and distance-inferred connectivity; not an independent bond-order or absolute-stereochemistry assignment
guanine_ribose,nucleoside,Guanine nucleoside,C10H13N5O5,126cbe2d3c47ca81b6aa310e995bcebfc4bd3618d38f0119c61cd0c155bb8f7c,guanine,True,27,,0,1,formula and distance-inferred connectivity; not an independent bond-order or absolute-stereochemistry assignment
thymine_ribose,nucleoside,Thymine nucleoside,C10H14N2O6,b533d944288781b810a9a378766e382777c7a6abd19f9baf0d40454f53c4a773,thymine,True,28,,0,1,formula and distance-inferred connectivity; not an independent bond-order or absolute-stereochemistry assignment
uracil_ribose,nucleoside,Uracil nucleoside,C9H12N2O6,2e2c959fce4b71db40fd4b321463309167076f4c860ae0bec1bef67bd8e7afb3,uracil,True,29,,0,1,formula and distance-inferred connectivity; not an independent bond-order or absolute-stereochemistry assignment
xanthine_ribose,nucleoside,Xanthine nucleoside,C10H12N4O6,a3ae1b61774c00cd70388d03e7d2357395298161a79d0d132f94286ae62d3f17,xanthine,False,30,,0,1,formula and distance-inferred connectivity; not an independent bond-order or absolute-stereochemistry assignment
hypoxanthine_ribose,nucleoside,Hypoxanthine nucleoside,C10H12N4O5,e6eda544659a733fb3a4c385124cd3b80ac72c25c9dedbb78d7541e59a47f097,hypoxanthine,False,31,,0,1,formula and distance-inferred connectivity; not an independent bond-order or absolute-stereochemistry assignment
2_6_diaminopurine_ribose,nucleoside,"2,6-Diaminopurine nucleoside",C10H14N6O4,e87d4646c2ee23c5f95704d3910d91de4f79df08e922404291c4c48ac8824b35,2_6_diaminopurine,False,32,,0,1,formula and distance-inferred connectivity; not an independent bond-order or absolute-stereochemistry assignment
purine_ribose,nucleoside,Purine nucleoside,C10H12N4O4,0e962ad1c7b8ac65e3f517fbcff153d514f2f13be1018e89843be0b2de633d1b,purine,False,33,,0,1,formula and distance-inferred connectivity; not an independent bond-order or absolute-stereochemistry assignment
barbituric_acid_nlink_ribose,nucleoside,Barbituric acid nucleoside (N-linked),C9H12N2O7,655bfb0c70b72945ecd8e625fa2d0eb5ca2879376c3f9dd7f751a92cceffe659,barbituric_acid,False,34,N-linked barbituric-acid product.,0,1,formula and distance-inferred connectivity; not an independent bond-order or absolute-stereochemistry assignment
barbituric_acid_clink_ribose,nucleoside,Barbituric acid nucleoside (C-linked),C9H12N2O7,f6eaaf56dc30363d33e3880a8827709be82d9cb25681c1201c976370f3b4bcf7,barbituric_acid,False,35,C-linked barbituric-acid product.,0,1,formula and distance-inferred connectivity; not an independent bond-order or absolute-stereochemistry assignment
tap_c5link_ribose,nucleoside,"2,4,6 TAP nucleoside (C5-linked)",C9H15N5O4,77f37a7191741a87b4eba4301b9c1388b8f92e13a2154a302a851ea45c8d6250,tap_c5link,False,36,"C5-linked 2,4,6-TAP product.",0,1,formula and distance-inferred connectivity; not an independent bond-order or absolute-stereochemistry assignment
cyanuric_acid_nlink_ribose,nucleoside,Cyanuric acid nucleoside (N-linked),C8H11N3O7,33b7dc91d7486b734043d655a4b1a533431ed571d1297be5122d5c49d1955ddf,cyanuric_acid_nlink,False,37,N-linked cyanuric-acid product.,0,1,formula and distance-inferred connectivity; not an independent bond-order or absolute-stereochemistry assignment
melamine_ribose,nucleoside,Melamine nucleoside,C8H14N6O4,a46cf4317b2590847f60a68ac05be11bc5bb7e7a6d14ae10c04ef9a9e5dd7704,melamine,False,38,,0,1,formula and distance-inferred connectivity; not an independent bond-order or absolute-stereochemistry assignment
isocytosine_ribose,nucleoside,Isocytosine nucleoside,C9H13N3O5,14b62609b89b3c36111b54117c01713a0f2226ee0628dd25703d72ae8245a37b,isocytosine,False,39,,0,1,formula and distance-inferred connectivity; not an independent bond-order or absolute-stereochemistry assignment
6_methyluracil_ribose,nucleoside,6-Methyluracil nucleoside,C10H14N2O6,4f656dca7d788072238840c706a5bcefe17316737683ac3320b6c20ee51e6244,6_methyluracil,False,40,,0,1,formula and distance-inferred connectivity; not an independent bond-order or absolute-stereochemistry assignment
1_methyluracil_ribose,nucleoside,1-Methyluracil nucleoside,C10H14N2O6,51cfbe473473c104b4036d0f2871d38d43f75cb40b8b72fa9c8860560cccc44d,1_methyluracil,False,41,,0,1,formula and distance-inferred connectivity; not an independent bond-order or absolute-stereochemistry assignment
dihydrouracil_ribose,nucleoside,Dihydrouracil nucleoside,C9H14N2O6,2bc538dc159176d0fcfc7e9888cd38f6c088b573adba99cb950e8f1bd881a480,dihydrouracil,False,42,,0,1,formula and distance-inferred connectivity; not an independent bond-order or absolute-stereochemistry assignment
imidazole_ribose,nucleoside,Imidazole nucleoside,C8H12N2O4,dd157de5b093b55677f522c243e1b90230096f9fa7a8a79eed6898ffb4eba197,imidazole,False,43,,0,1,formula and distance-inferred connectivity; not an independent bond-order or absolute-stereochemistry assignment
imidazole_2_carboxylic_acid_ribose,nucleoside,Imidazole-2-carboxylic acid nucleoside,C9H12N2O6,1bc36cb01057173015e9fa53aebfe8765cf2127a18a2b1cb8d943873c282efd6,imidazole_2_carboxylic_acid,False,44,,0,1,formula and distance-inferred connectivity; not an independent bond-order or absolute-stereochemistry assignment
5_amino_4_imidazolecarboxamide_ribose,nucleoside,5-Amino-4-imidazolecarboxamide nucleoside,C9H14N4O5,ff2f5b08f180a9ca321d3c2d38a733046b2b483a91826e080b6415eaf6a1e592,5_amino_4_imidazolecarboxamide,False,45,,0,1,formula and distance-inferred connectivity; not an independent bond-order or absolute-stereochemistry assignment
adenine_ribose_phosphate,nucleotide,Adenine nucleotide,C10H14N5O7P,a29259204a06241c79ff3c7e803621bbd6630e7f53d1b5e150326ca41e61c296,adenine,True,46,,0,1,formula and distance-inferred connectivity; not an independent bond-order or absolute-stereochemistry assignment
cytosine_ribose_phosphate,nucleotide,Cytosine nucleotide,C9H14N3O8P,92d43d4d856974eab23c2fd34581ba33853ceaa97dd34f8131453121e8f08f1f,cytosine,True,47,,0,1,formula and distance-inferred connectivity; not an independent bond-order or absolute-stereochemistry assignment
guanine_ribose_phosphate,nucleotide,Guanine nucleotide,C10H14N5O8P,139e0851092f8776a4dd8950c18b304679afb5a58bb217499e0d4e17aa97589b,guanine,True,48,,0,1,formula and distance-inferred connectivity; not an independent bond-order or absolute-stereochemistry assignment
thymine_ribose_phosphate,nucleotide,Thymine nucleotide,C10H15N2O9P,beec5aceeb4522eb60eb3e623a9e6f196962c5cfa77489d1b6e504d6b82a7a97,thymine,True,49,,0,1,formula and distance-inferred connectivity; not an independent bond-order or absolute-stereochemistry assignment
uracil_ribose_phosphate,nucleotide,Uracil nucleotide,C9H13N2O9P,7b00963eb557d12e4a3d59bb8f6ad804dc88db8b7e9be3c874f5262cbc4645e4,uracil,True,50,,0,1,formula and distance-inferred connectivity; not an independent bond-order or absolute-stereochemistry assignment
xanthine_ribose_phosphate,nucleotide,Xanthine nucleotide,C10H13N4O9P,4d0dade98472f9bb0d228218027e442277fd59825262acb41f37b903400107c2,xanthine,False,51,,0,1,formula and distance-inferred connectivity; not an independent bond-order or absolute-stereochemistry assignment
hypoxanthine_ribose_phosphate,nucleotide,Hypoxanthine nucleotide,C10H13N4O8P,cb28324a4d846018dea77224872086b869f3a9975bab63872198213ae83631ba,hypoxanthine,False,52,,0,1,formula and distance-inferred connectivity; not an independent bond-order or absolute-stereochemistry assignment
2_6_diaminopurine_ribose_phosphate,nucleotide,"2,6-Diaminopurine nucleotide",C10H15N6O7P,aa330b694724264dc635637b680fcf3d8a042833cef780ac22d30f85f33f6ca8,2_6_diaminopurine,False,53,,0,1,formula and distance-inferred connectivity; not an independent bond-order or absolute-stereochemistry assignment
purine_ribose_phosphate,nucleotide,Purine nucleotide,C10H13N4O7P,051a227d84632c85a01b871f50519ee6dc3d4e78a93c6e834d1ece7291efaaaf,purine,False,54,,0,1,formula and distance-inferred connectivity; not an independent bond-order or absolute-stereochemistry assignment
barbituric_acid_nlink_ribose_phosphate,nucleotide,Barbituric acid nucleotide (N-linked),C9H13N2O10P,e10d216631e961078ba61901b9206955d6a6bac0d5869ab89e4a6232477568b9,barbituric_acid,False,55,N-linked barbituric-acid product.,0,1,formula and distance-inferred connectivity; not an independent bond-order or absolute-stereochemistry assignment
barbituric_acid_clink_ribose_phosphate,nucleotide,Barbituric acid nucleotide (C-linked),C9H13N2O10P,2dcdfc4a30fac601c7a5327ba8da8b6132dc2e30e81871405eb496f8d194db7e,barbituric_acid,False,56,C-linked barbituric-acid product.,0,1,formula and distance-inferred connectivity; not an independent bond-order or absolute-stereochemistry assignment
tap_c5link_ribose_phosphate,nucleotide,"2,4,6 TAP nucleotide (C5-linked)",C9H16N5O7P,0f129323267c94815bc6bfa44958587f7be70d2aa48400b72c7122e5c72ac599,tap_c5link,False,57,"C5-linked 2,4,6-TAP product.",0,1,formula and distance-inferred connectivity; not an independent bond-order or absolute-stereochemistry assignment
cyanuric_acid_nlink_ribose_phosphate,nucleotide,Cyanuric acid nucleotide (N-linked),C8H12N3O10P,261a8d26948db791954a841471392cd37613bf6654c44da4f28558bc0446abd2,cyanuric_acid_nlink,False,58,N-linked cyanuric-acid product.,0,1,formula and distance-inferred connectivity; not an independent bond-order or absolute-stereochemistry assignment
melamine_ribose_phosphate,nucleotide,Melamine nucleotide,C8H15N6O7P,a8499dfb3eb488f42bbdd07eb71385e2e66abcab74a74f7d796de37ce69ad5e3,melamine,False,59,,0,1,formula and distance-inferred connectivity; not an independent bond-order or absolute-stereochemistry assignment
isocytosine_ribose_phosphate,nucleotide,Isocytosine nucleotide,C9H14N3O8P,19a0fbacbfc0ca7757349392de39151b2bb7402be1c01d5dd00bd7ea24323bb2,isocytosine,False,60,,0,1,formula and distance-inferred connectivity; not an independent bond-order or absolute-stereochemistry assignment
6_methyluracil_ribose_phosphate,nucleotide,6-Methyluracil nucleotide,C10H15N2O9P,c70d4db7d9493f8ee685c3ab0ce4a57d187fcc0c52c1f1bdb33c05b5a82d4d29,6_methyluracil,False,61,,0,1,formula and distance-inferred connectivity; not an independent bond-order or absolute-stereochemistry assignment
1_methyluracil_ribose_phosphate,nucleotide,1-Methyluracil nucleotide,C10H15N2O9P,1aa26a2de9d7795e6e3a4d783f3a8b6e3df3058f2bb1083ec1520693e0dff660,1_methyluracil,False,62,,0,1,formula and distance-inferred connectivity; not an independent bond-order or absolute-stereochemistry assignment
dihydrouracil_ribose_phosphate,nucleotide,Dihydrouracil nucleotide,C9H15N2O9P,706ea0dd5534596a6b5c874ef7bc97c4e289169eca7a11f2a3c92040fb55f0eb,dihydrouracil,False,63,,0,1,formula and distance-inferred connectivity; not an independent bond-order or absolute-stereochemistry assignment
imidazole_ribose_phosphate,nucleotide,Imidazole nucleotide,C8H13N2O7P,7f9b782e13c101e1f6c3e40254137d8db73f21ad47288315a09a40ce06aa4f49,imidazole,False,64,,0,1,formula and distance-inferred connectivity; not an independent bond-order or absolute-stereochemistry assignment
imidazole_2_carboxylic_acid_ribose_phosphate,nucleotide,Imidazole-2-carboxylic acid nucleotide,C9H13N2O9P,af14b1582faadafd010f823e9c265e4d87b569f6ae99c627be79e97bfc5ea6fb,imidazole_2_carboxylic_acid,False,65,,0,1,formula and distance-inferred connectivity; not an independent bond-order or absolute-stereochemistry assignment
5_amino_4_imidazolecarboxamide_ribose_phosphate,nucleotide,5-Amino-4-imidazolecarboxamide nucleotide,C9H15N4O8P,6898e48ae75094564473dbcc2810827f9fb964dbc52d666927796ba192ead32c,5_amino_4_imidazolecarboxamide,False,66,,0,1,formula and distance-inferred connectivity; not an independent bond-order or absolute-stereochemistry assignment
