reaction_family_id,reaction_id,species_id,coefficient
adenine,P1a_nucleoside_formation,adenine,-1
adenine,P1a_nucleoside_formation,ribose,-1
adenine,P1a_nucleoside_formation,adenine_ribose,1
adenine,P1a_nucleoside_formation,water,1
adenine,P1b_nucleotide_from_nucleoside,adenine_ribose,-1
adenine,P1b_nucleotide_from_nucleoside,phosphate,-1
adenine,P1b_nucleotide_from_nucleoside,adenine_ribose_phosphate,1
adenine,P1b_nucleotide_from_nucleoside,water,1
adenine,P1_total_net_nucleotide_formation,adenine,-1
adenine,P1_total_net_nucleotide_formation,ribose,-1
adenine,P1_total_net_nucleotide_formation,phosphate,-1
adenine,P1_total_net_nucleotide_formation,adenine_ribose_phosphate,1
adenine,P1_total_net_nucleotide_formation,water,2
adenine,P2a_ribose_phosphate_formation,ribose,-1
adenine,P2a_ribose_phosphate_formation,phosphate,-1
adenine,P2a_ribose_phosphate_formation,ribo_phosphate,1
adenine,P2a_ribose_phosphate_formation,water,1
adenine,P2b_nucleotide_from_ribophosphate,ribo_phosphate,-1
adenine,P2b_nucleotide_from_ribophosphate,adenine,-1
adenine,P2b_nucleotide_from_ribophosphate,adenine_ribose_phosphate,1
adenine,P2b_nucleotide_from_ribophosphate,water,1
adenine,P2_total_net_nucleotide_formation,adenine,-1
adenine,P2_total_net_nucleotide_formation,ribose,-1
adenine,P2_total_net_nucleotide_formation,phosphate,-1
adenine,P2_total_net_nucleotide_formation,adenine_ribose_phosphate,1
adenine,P2_total_net_nucleotide_formation,water,2
cytosine,P1a_nucleoside_formation,cytosine,-1
cytosine,P1a_nucleoside_formation,ribose,-1
cytosine,P1a_nucleoside_formation,cytosine_ribose,1
cytosine,P1a_nucleoside_formation,water,1
cytosine,P1b_nucleotide_from_nucleoside,cytosine_ribose,-1
cytosine,P1b_nucleotide_from_nucleoside,phosphate,-1
cytosine,P1b_nucleotide_from_nucleoside,cytosine_ribose_phosphate,1
cytosine,P1b_nucleotide_from_nucleoside,water,1
cytosine,P1_total_net_nucleotide_formation,cytosine,-1
cytosine,P1_total_net_nucleotide_formation,ribose,-1
cytosine,P1_total_net_nucleotide_formation,phosphate,-1
cytosine,P1_total_net_nucleotide_formation,cytosine_ribose_phosphate,1
cytosine,P1_total_net_nucleotide_formation,water,2
cytosine,P2a_ribose_phosphate_formation,ribose,-1
cytosine,P2a_ribose_phosphate_formation,phosphate,-1
cytosine,P2a_ribose_phosphate_formation,ribo_phosphate,1
cytosine,P2a_ribose_phosphate_formation,water,1
cytosine,P2b_nucleotide_from_ribophosphate,ribo_phosphate,-1
cytosine,P2b_nucleotide_from_ribophosphate,cytosine,-1
cytosine,P2b_nucleotide_from_ribophosphate,cytosine_ribose_phosphate,1
cytosine,P2b_nucleotide_from_ribophosphate,water,1
cytosine,P2_total_net_nucleotide_formation,cytosine,-1
cytosine,P2_total_net_nucleotide_formation,ribose,-1
cytosine,P2_total_net_nucleotide_formation,phosphate,-1
cytosine,P2_total_net_nucleotide_formation,cytosine_ribose_phosphate,1
cytosine,P2_total_net_nucleotide_formation,water,2
guanine,P1a_nucleoside_formation,guanine,-1
guanine,P1a_nucleoside_formation,ribose,-1
guanine,P1a_nucleoside_formation,guanine_ribose,1
guanine,P1a_nucleoside_formation,water,1
guanine,P1b_nucleotide_from_nucleoside,guanine_ribose,-1
guanine,P1b_nucleotide_from_nucleoside,phosphate,-1
guanine,P1b_nucleotide_from_nucleoside,guanine_ribose_phosphate,1
guanine,P1b_nucleotide_from_nucleoside,water,1
guanine,P1_total_net_nucleotide_formation,guanine,-1
guanine,P1_total_net_nucleotide_formation,ribose,-1
guanine,P1_total_net_nucleotide_formation,phosphate,-1
guanine,P1_total_net_nucleotide_formation,guanine_ribose_phosphate,1
guanine,P1_total_net_nucleotide_formation,water,2
guanine,P2a_ribose_phosphate_formation,ribose,-1
guanine,P2a_ribose_phosphate_formation,phosphate,-1
guanine,P2a_ribose_phosphate_formation,ribo_phosphate,1
guanine,P2a_ribose_phosphate_formation,water,1
guanine,P2b_nucleotide_from_ribophosphate,ribo_phosphate,-1
guanine,P2b_nucleotide_from_ribophosphate,guanine,-1
guanine,P2b_nucleotide_from_ribophosphate,guanine_ribose_phosphate,1
guanine,P2b_nucleotide_from_ribophosphate,water,1
guanine,P2_total_net_nucleotide_formation,guanine,-1
guanine,P2_total_net_nucleotide_formation,ribose,-1
guanine,P2_total_net_nucleotide_formation,phosphate,-1
guanine,P2_total_net_nucleotide_formation,guanine_ribose_phosphate,1
guanine,P2_total_net_nucleotide_formation,water,2
thymine,P1a_nucleoside_formation,thymine,-1
thymine,P1a_nucleoside_formation,ribose,-1
thymine,P1a_nucleoside_formation,thymine_ribose,1
thymine,P1a_nucleoside_formation,water,1
thymine,P1b_nucleotide_from_nucleoside,thymine_ribose,-1
thymine,P1b_nucleotide_from_nucleoside,phosphate,-1
thymine,P1b_nucleotide_from_nucleoside,thymine_ribose_phosphate,1
thymine,P1b_nucleotide_from_nucleoside,water,1
thymine,P1_total_net_nucleotide_formation,thymine,-1
thymine,P1_total_net_nucleotide_formation,ribose,-1
thymine,P1_total_net_nucleotide_formation,phosphate,-1
thymine,P1_total_net_nucleotide_formation,thymine_ribose_phosphate,1
thymine,P1_total_net_nucleotide_formation,water,2
thymine,P2a_ribose_phosphate_formation,ribose,-1
thymine,P2a_ribose_phosphate_formation,phosphate,-1
thymine,P2a_ribose_phosphate_formation,ribo_phosphate,1
thymine,P2a_ribose_phosphate_formation,water,1
thymine,P2b_nucleotide_from_ribophosphate,ribo_phosphate,-1
thymine,P2b_nucleotide_from_ribophosphate,thymine,-1
thymine,P2b_nucleotide_from_ribophosphate,thymine_ribose_phosphate,1
thymine,P2b_nucleotide_from_ribophosphate,water,1
thymine,P2_total_net_nucleotide_formation,thymine,-1
thymine,P2_total_net_nucleotide_formation,ribose,-1
thymine,P2_total_net_nucleotide_formation,phosphate,-1
thymine,P2_total_net_nucleotide_formation,thymine_ribose_phosphate,1
thymine,P2_total_net_nucleotide_formation,water,2
uracil,P1a_nucleoside_formation,uracil,-1
uracil,P1a_nucleoside_formation,ribose,-1
uracil,P1a_nucleoside_formation,uracil_ribose,1
uracil,P1a_nucleoside_formation,water,1
uracil,P1b_nucleotide_from_nucleoside,uracil_ribose,-1
uracil,P1b_nucleotide_from_nucleoside,phosphate,-1
uracil,P1b_nucleotide_from_nucleoside,uracil_ribose_phosphate,1
uracil,P1b_nucleotide_from_nucleoside,water,1
uracil,P1_total_net_nucleotide_formation,uracil,-1
uracil,P1_total_net_nucleotide_formation,ribose,-1
uracil,P1_total_net_nucleotide_formation,phosphate,-1
uracil,P1_total_net_nucleotide_formation,uracil_ribose_phosphate,1
uracil,P1_total_net_nucleotide_formation,water,2
uracil,P2a_ribose_phosphate_formation,ribose,-1
uracil,P2a_ribose_phosphate_formation,phosphate,-1
uracil,P2a_ribose_phosphate_formation,ribo_phosphate,1
uracil,P2a_ribose_phosphate_formation,water,1
uracil,P2b_nucleotide_from_ribophosphate,ribo_phosphate,-1
uracil,P2b_nucleotide_from_ribophosphate,uracil,-1
uracil,P2b_nucleotide_from_ribophosphate,uracil_ribose_phosphate,1
uracil,P2b_nucleotide_from_ribophosphate,water,1
uracil,P2_total_net_nucleotide_formation,uracil,-1
uracil,P2_total_net_nucleotide_formation,ribose,-1
uracil,P2_total_net_nucleotide_formation,phosphate,-1
uracil,P2_total_net_nucleotide_formation,uracil_ribose_phosphate,1
uracil,P2_total_net_nucleotide_formation,water,2
xanthine,P1a_nucleoside_formation,xanthine,-1
xanthine,P1a_nucleoside_formation,ribose,-1
xanthine,P1a_nucleoside_formation,xanthine_ribose,1
xanthine,P1a_nucleoside_formation,water,1
xanthine,P1b_nucleotide_from_nucleoside,xanthine_ribose,-1
xanthine,P1b_nucleotide_from_nucleoside,phosphate,-1
xanthine,P1b_nucleotide_from_nucleoside,xanthine_ribose_phosphate,1
xanthine,P1b_nucleotide_from_nucleoside,water,1
xanthine,P1_total_net_nucleotide_formation,xanthine,-1
xanthine,P1_total_net_nucleotide_formation,ribose,-1
xanthine,P1_total_net_nucleotide_formation,phosphate,-1
xanthine,P1_total_net_nucleotide_formation,xanthine_ribose_phosphate,1
xanthine,P1_total_net_nucleotide_formation,water,2
xanthine,P2a_ribose_phosphate_formation,ribose,-1
xanthine,P2a_ribose_phosphate_formation,phosphate,-1
xanthine,P2a_ribose_phosphate_formation,ribo_phosphate,1
xanthine,P2a_ribose_phosphate_formation,water,1
xanthine,P2b_nucleotide_from_ribophosphate,ribo_phosphate,-1
xanthine,P2b_nucleotide_from_ribophosphate,xanthine,-1
xanthine,P2b_nucleotide_from_ribophosphate,xanthine_ribose_phosphate,1
xanthine,P2b_nucleotide_from_ribophosphate,water,1
xanthine,P2_total_net_nucleotide_formation,xanthine,-1
xanthine,P2_total_net_nucleotide_formation,ribose,-1
xanthine,P2_total_net_nucleotide_formation,phosphate,-1
xanthine,P2_total_net_nucleotide_formation,xanthine_ribose_phosphate,1
xanthine,P2_total_net_nucleotide_formation,water,2
hypoxanthine,P1a_nucleoside_formation,hypoxanthine,-1
hypoxanthine,P1a_nucleoside_formation,ribose,-1
hypoxanthine,P1a_nucleoside_formation,hypoxanthine_ribose,1
hypoxanthine,P1a_nucleoside_formation,water,1
hypoxanthine,P1b_nucleotide_from_nucleoside,hypoxanthine_ribose,-1
hypoxanthine,P1b_nucleotide_from_nucleoside,phosphate,-1
hypoxanthine,P1b_nucleotide_from_nucleoside,hypoxanthine_ribose_phosphate,1
hypoxanthine,P1b_nucleotide_from_nucleoside,water,1
hypoxanthine,P1_total_net_nucleotide_formation,hypoxanthine,-1
hypoxanthine,P1_total_net_nucleotide_formation,ribose,-1
hypoxanthine,P1_total_net_nucleotide_formation,phosphate,-1
hypoxanthine,P1_total_net_nucleotide_formation,hypoxanthine_ribose_phosphate,1
hypoxanthine,P1_total_net_nucleotide_formation,water,2
hypoxanthine,P2a_ribose_phosphate_formation,ribose,-1
hypoxanthine,P2a_ribose_phosphate_formation,phosphate,-1
hypoxanthine,P2a_ribose_phosphate_formation,ribo_phosphate,1
hypoxanthine,P2a_ribose_phosphate_formation,water,1
hypoxanthine,P2b_nucleotide_from_ribophosphate,ribo_phosphate,-1
hypoxanthine,P2b_nucleotide_from_ribophosphate,hypoxanthine,-1
hypoxanthine,P2b_nucleotide_from_ribophosphate,hypoxanthine_ribose_phosphate,1
hypoxanthine,P2b_nucleotide_from_ribophosphate,water,1
hypoxanthine,P2_total_net_nucleotide_formation,hypoxanthine,-1
hypoxanthine,P2_total_net_nucleotide_formation,ribose,-1
hypoxanthine,P2_total_net_nucleotide_formation,phosphate,-1
hypoxanthine,P2_total_net_nucleotide_formation,hypoxanthine_ribose_phosphate,1
hypoxanthine,P2_total_net_nucleotide_formation,water,2
2_6_diaminopurine,P1a_nucleoside_formation,2_6_diaminopurine,-1
2_6_diaminopurine,P1a_nucleoside_formation,ribose,-1
2_6_diaminopurine,P1a_nucleoside_formation,2_6_diaminopurine_ribose,1
2_6_diaminopurine,P1a_nucleoside_formation,water,1
2_6_diaminopurine,P1b_nucleotide_from_nucleoside,2_6_diaminopurine_ribose,-1
2_6_diaminopurine,P1b_nucleotide_from_nucleoside,phosphate,-1
2_6_diaminopurine,P1b_nucleotide_from_nucleoside,2_6_diaminopurine_ribose_phosphate,1
2_6_diaminopurine,P1b_nucleotide_from_nucleoside,water,1
2_6_diaminopurine,P1_total_net_nucleotide_formation,2_6_diaminopurine,-1
2_6_diaminopurine,P1_total_net_nucleotide_formation,ribose,-1
2_6_diaminopurine,P1_total_net_nucleotide_formation,phosphate,-1
2_6_diaminopurine,P1_total_net_nucleotide_formation,2_6_diaminopurine_ribose_phosphate,1
2_6_diaminopurine,P1_total_net_nucleotide_formation,water,2
2_6_diaminopurine,P2a_ribose_phosphate_formation,ribose,-1
2_6_diaminopurine,P2a_ribose_phosphate_formation,phosphate,-1
2_6_diaminopurine,P2a_ribose_phosphate_formation,ribo_phosphate,1
2_6_diaminopurine,P2a_ribose_phosphate_formation,water,1
2_6_diaminopurine,P2b_nucleotide_from_ribophosphate,ribo_phosphate,-1
2_6_diaminopurine,P2b_nucleotide_from_ribophosphate,2_6_diaminopurine,-1
2_6_diaminopurine,P2b_nucleotide_from_ribophosphate,2_6_diaminopurine_ribose_phosphate,1
2_6_diaminopurine,P2b_nucleotide_from_ribophosphate,water,1
2_6_diaminopurine,P2_total_net_nucleotide_formation,2_6_diaminopurine,-1
2_6_diaminopurine,P2_total_net_nucleotide_formation,ribose,-1
2_6_diaminopurine,P2_total_net_nucleotide_formation,phosphate,-1
2_6_diaminopurine,P2_total_net_nucleotide_formation,2_6_diaminopurine_ribose_phosphate,1
2_6_diaminopurine,P2_total_net_nucleotide_formation,water,2
purine,P1a_nucleoside_formation,purine,-1
purine,P1a_nucleoside_formation,ribose,-1
purine,P1a_nucleoside_formation,purine_ribose,1
purine,P1a_nucleoside_formation,water,1
purine,P1b_nucleotide_from_nucleoside,purine_ribose,-1
purine,P1b_nucleotide_from_nucleoside,phosphate,-1
purine,P1b_nucleotide_from_nucleoside,purine_ribose_phosphate,1
purine,P1b_nucleotide_from_nucleoside,water,1
purine,P1_total_net_nucleotide_formation,purine,-1
purine,P1_total_net_nucleotide_formation,ribose,-1
purine,P1_total_net_nucleotide_formation,phosphate,-1
purine,P1_total_net_nucleotide_formation,purine_ribose_phosphate,1
purine,P1_total_net_nucleotide_formation,water,2
purine,P2a_ribose_phosphate_formation,ribose,-1
purine,P2a_ribose_phosphate_formation,phosphate,-1
purine,P2a_ribose_phosphate_formation,ribo_phosphate,1
purine,P2a_ribose_phosphate_formation,water,1
purine,P2b_nucleotide_from_ribophosphate,ribo_phosphate,-1
purine,P2b_nucleotide_from_ribophosphate,purine,-1
purine,P2b_nucleotide_from_ribophosphate,purine_ribose_phosphate,1
purine,P2b_nucleotide_from_ribophosphate,water,1
purine,P2_total_net_nucleotide_formation,purine,-1
purine,P2_total_net_nucleotide_formation,ribose,-1
purine,P2_total_net_nucleotide_formation,phosphate,-1
purine,P2_total_net_nucleotide_formation,purine_ribose_phosphate,1
purine,P2_total_net_nucleotide_formation,water,2
barbituric_acid_clink,P1a_nucleoside_formation,barbituric_acid,-1
barbituric_acid_clink,P1a_nucleoside_formation,ribose,-1
barbituric_acid_clink,P1a_nucleoside_formation,barbituric_acid_clink_ribose,1
barbituric_acid_clink,P1a_nucleoside_formation,water,1
barbituric_acid_clink,P1b_nucleotide_from_nucleoside,barbituric_acid_clink_ribose,-1
barbituric_acid_clink,P1b_nucleotide_from_nucleoside,phosphate,-1
barbituric_acid_clink,P1b_nucleotide_from_nucleoside,barbituric_acid_clink_ribose_phosphate,1
barbituric_acid_clink,P1b_nucleotide_from_nucleoside,water,1
barbituric_acid_clink,P1_total_net_nucleotide_formation,barbituric_acid,-1
barbituric_acid_clink,P1_total_net_nucleotide_formation,ribose,-1
barbituric_acid_clink,P1_total_net_nucleotide_formation,phosphate,-1
barbituric_acid_clink,P1_total_net_nucleotide_formation,barbituric_acid_clink_ribose_phosphate,1
barbituric_acid_clink,P1_total_net_nucleotide_formation,water,2
barbituric_acid_clink,P2a_ribose_phosphate_formation,ribose,-1
barbituric_acid_clink,P2a_ribose_phosphate_formation,phosphate,-1
barbituric_acid_clink,P2a_ribose_phosphate_formation,ribo_phosphate,1
barbituric_acid_clink,P2a_ribose_phosphate_formation,water,1
barbituric_acid_clink,P2b_nucleotide_from_ribophosphate,ribo_phosphate,-1
barbituric_acid_clink,P2b_nucleotide_from_ribophosphate,barbituric_acid,-1
barbituric_acid_clink,P2b_nucleotide_from_ribophosphate,barbituric_acid_clink_ribose_phosphate,1
barbituric_acid_clink,P2b_nucleotide_from_ribophosphate,water,1
barbituric_acid_clink,P2_total_net_nucleotide_formation,barbituric_acid,-1
barbituric_acid_clink,P2_total_net_nucleotide_formation,ribose,-1
barbituric_acid_clink,P2_total_net_nucleotide_formation,phosphate,-1
barbituric_acid_clink,P2_total_net_nucleotide_formation,barbituric_acid_clink_ribose_phosphate,1
barbituric_acid_clink,P2_total_net_nucleotide_formation,water,2
barbituric_acid_nlink,P1a_nucleoside_formation,barbituric_acid,-1
barbituric_acid_nlink,P1a_nucleoside_formation,ribose,-1
barbituric_acid_nlink,P1a_nucleoside_formation,barbituric_acid_nlink_ribose,1
barbituric_acid_nlink,P1a_nucleoside_formation,water,1
barbituric_acid_nlink,P1b_nucleotide_from_nucleoside,barbituric_acid_nlink_ribose,-1
barbituric_acid_nlink,P1b_nucleotide_from_nucleoside,phosphate,-1
barbituric_acid_nlink,P1b_nucleotide_from_nucleoside,barbituric_acid_nlink_ribose_phosphate,1
barbituric_acid_nlink,P1b_nucleotide_from_nucleoside,water,1
barbituric_acid_nlink,P1_total_net_nucleotide_formation,barbituric_acid,-1
barbituric_acid_nlink,P1_total_net_nucleotide_formation,ribose,-1
barbituric_acid_nlink,P1_total_net_nucleotide_formation,phosphate,-1
barbituric_acid_nlink,P1_total_net_nucleotide_formation,barbituric_acid_nlink_ribose_phosphate,1
barbituric_acid_nlink,P1_total_net_nucleotide_formation,water,2
barbituric_acid_nlink,P2a_ribose_phosphate_formation,ribose,-1
barbituric_acid_nlink,P2a_ribose_phosphate_formation,phosphate,-1
barbituric_acid_nlink,P2a_ribose_phosphate_formation,ribo_phosphate,1
barbituric_acid_nlink,P2a_ribose_phosphate_formation,water,1
barbituric_acid_nlink,P2b_nucleotide_from_ribophosphate,ribo_phosphate,-1
barbituric_acid_nlink,P2b_nucleotide_from_ribophosphate,barbituric_acid,-1
barbituric_acid_nlink,P2b_nucleotide_from_ribophosphate,barbituric_acid_nlink_ribose_phosphate,1
barbituric_acid_nlink,P2b_nucleotide_from_ribophosphate,water,1
barbituric_acid_nlink,P2_total_net_nucleotide_formation,barbituric_acid,-1
barbituric_acid_nlink,P2_total_net_nucleotide_formation,ribose,-1
barbituric_acid_nlink,P2_total_net_nucleotide_formation,phosphate,-1
barbituric_acid_nlink,P2_total_net_nucleotide_formation,barbituric_acid_nlink_ribose_phosphate,1
barbituric_acid_nlink,P2_total_net_nucleotide_formation,water,2
tap_c5link,P1a_nucleoside_formation,tap_c5link,-1
tap_c5link,P1a_nucleoside_formation,ribose,-1
tap_c5link,P1a_nucleoside_formation,tap_c5link_ribose,1
tap_c5link,P1a_nucleoside_formation,water,1
tap_c5link,P1b_nucleotide_from_nucleoside,tap_c5link_ribose,-1
tap_c5link,P1b_nucleotide_from_nucleoside,phosphate,-1
tap_c5link,P1b_nucleotide_from_nucleoside,tap_c5link_ribose_phosphate,1
tap_c5link,P1b_nucleotide_from_nucleoside,water,1
tap_c5link,P1_total_net_nucleotide_formation,tap_c5link,-1
tap_c5link,P1_total_net_nucleotide_formation,ribose,-1
tap_c5link,P1_total_net_nucleotide_formation,phosphate,-1
tap_c5link,P1_total_net_nucleotide_formation,tap_c5link_ribose_phosphate,1
tap_c5link,P1_total_net_nucleotide_formation,water,2
tap_c5link,P2a_ribose_phosphate_formation,ribose,-1
tap_c5link,P2a_ribose_phosphate_formation,phosphate,-1
tap_c5link,P2a_ribose_phosphate_formation,ribo_phosphate,1
tap_c5link,P2a_ribose_phosphate_formation,water,1
tap_c5link,P2b_nucleotide_from_ribophosphate,ribo_phosphate,-1
tap_c5link,P2b_nucleotide_from_ribophosphate,tap_c5link,-1
tap_c5link,P2b_nucleotide_from_ribophosphate,tap_c5link_ribose_phosphate,1
tap_c5link,P2b_nucleotide_from_ribophosphate,water,1
tap_c5link,P2_total_net_nucleotide_formation,tap_c5link,-1
tap_c5link,P2_total_net_nucleotide_formation,ribose,-1
tap_c5link,P2_total_net_nucleotide_formation,phosphate,-1
tap_c5link,P2_total_net_nucleotide_formation,tap_c5link_ribose_phosphate,1
tap_c5link,P2_total_net_nucleotide_formation,water,2
cyanuric_acid_nlink,P1a_nucleoside_formation,cyanuric_acid_nlink,-1
cyanuric_acid_nlink,P1a_nucleoside_formation,ribose,-1
cyanuric_acid_nlink,P1a_nucleoside_formation,cyanuric_acid_nlink_ribose,1
cyanuric_acid_nlink,P1a_nucleoside_formation,water,1
cyanuric_acid_nlink,P1b_nucleotide_from_nucleoside,cyanuric_acid_nlink_ribose,-1
cyanuric_acid_nlink,P1b_nucleotide_from_nucleoside,phosphate,-1
cyanuric_acid_nlink,P1b_nucleotide_from_nucleoside,cyanuric_acid_nlink_ribose_phosphate,1
cyanuric_acid_nlink,P1b_nucleotide_from_nucleoside,water,1
cyanuric_acid_nlink,P1_total_net_nucleotide_formation,cyanuric_acid_nlink,-1
cyanuric_acid_nlink,P1_total_net_nucleotide_formation,ribose,-1
cyanuric_acid_nlink,P1_total_net_nucleotide_formation,phosphate,-1
cyanuric_acid_nlink,P1_total_net_nucleotide_formation,cyanuric_acid_nlink_ribose_phosphate,1
cyanuric_acid_nlink,P1_total_net_nucleotide_formation,water,2
cyanuric_acid_nlink,P2a_ribose_phosphate_formation,ribose,-1
cyanuric_acid_nlink,P2a_ribose_phosphate_formation,phosphate,-1
cyanuric_acid_nlink,P2a_ribose_phosphate_formation,ribo_phosphate,1
cyanuric_acid_nlink,P2a_ribose_phosphate_formation,water,1
cyanuric_acid_nlink,P2b_nucleotide_from_ribophosphate,ribo_phosphate,-1
cyanuric_acid_nlink,P2b_nucleotide_from_ribophosphate,cyanuric_acid_nlink,-1
cyanuric_acid_nlink,P2b_nucleotide_from_ribophosphate,cyanuric_acid_nlink_ribose_phosphate,1
cyanuric_acid_nlink,P2b_nucleotide_from_ribophosphate,water,1
cyanuric_acid_nlink,P2_total_net_nucleotide_formation,cyanuric_acid_nlink,-1
cyanuric_acid_nlink,P2_total_net_nucleotide_formation,ribose,-1
cyanuric_acid_nlink,P2_total_net_nucleotide_formation,phosphate,-1
cyanuric_acid_nlink,P2_total_net_nucleotide_formation,cyanuric_acid_nlink_ribose_phosphate,1
cyanuric_acid_nlink,P2_total_net_nucleotide_formation,water,2
melamine,P1a_nucleoside_formation,melamine,-1
melamine,P1a_nucleoside_formation,ribose,-1
melamine,P1a_nucleoside_formation,melamine_ribose,1
melamine,P1a_nucleoside_formation,water,1
melamine,P1b_nucleotide_from_nucleoside,melamine_ribose,-1
melamine,P1b_nucleotide_from_nucleoside,phosphate,-1
melamine,P1b_nucleotide_from_nucleoside,melamine_ribose_phosphate,1
melamine,P1b_nucleotide_from_nucleoside,water,1
melamine,P1_total_net_nucleotide_formation,melamine,-1
melamine,P1_total_net_nucleotide_formation,ribose,-1
melamine,P1_total_net_nucleotide_formation,phosphate,-1
melamine,P1_total_net_nucleotide_formation,melamine_ribose_phosphate,1
melamine,P1_total_net_nucleotide_formation,water,2
melamine,P2a_ribose_phosphate_formation,ribose,-1
melamine,P2a_ribose_phosphate_formation,phosphate,-1
melamine,P2a_ribose_phosphate_formation,ribo_phosphate,1
melamine,P2a_ribose_phosphate_formation,water,1
melamine,P2b_nucleotide_from_ribophosphate,ribo_phosphate,-1
melamine,P2b_nucleotide_from_ribophosphate,melamine,-1
melamine,P2b_nucleotide_from_ribophosphate,melamine_ribose_phosphate,1
melamine,P2b_nucleotide_from_ribophosphate,water,1
melamine,P2_total_net_nucleotide_formation,melamine,-1
melamine,P2_total_net_nucleotide_formation,ribose,-1
melamine,P2_total_net_nucleotide_formation,phosphate,-1
melamine,P2_total_net_nucleotide_formation,melamine_ribose_phosphate,1
melamine,P2_total_net_nucleotide_formation,water,2
isocytosine,P1a_nucleoside_formation,isocytosine,-1
isocytosine,P1a_nucleoside_formation,ribose,-1
isocytosine,P1a_nucleoside_formation,isocytosine_ribose,1
isocytosine,P1a_nucleoside_formation,water,1
isocytosine,P1b_nucleotide_from_nucleoside,isocytosine_ribose,-1
isocytosine,P1b_nucleotide_from_nucleoside,phosphate,-1
isocytosine,P1b_nucleotide_from_nucleoside,isocytosine_ribose_phosphate,1
isocytosine,P1b_nucleotide_from_nucleoside,water,1
isocytosine,P1_total_net_nucleotide_formation,isocytosine,-1
isocytosine,P1_total_net_nucleotide_formation,ribose,-1
isocytosine,P1_total_net_nucleotide_formation,phosphate,-1
isocytosine,P1_total_net_nucleotide_formation,isocytosine_ribose_phosphate,1
isocytosine,P1_total_net_nucleotide_formation,water,2
isocytosine,P2a_ribose_phosphate_formation,ribose,-1
isocytosine,P2a_ribose_phosphate_formation,phosphate,-1
isocytosine,P2a_ribose_phosphate_formation,ribo_phosphate,1
isocytosine,P2a_ribose_phosphate_formation,water,1
isocytosine,P2b_nucleotide_from_ribophosphate,ribo_phosphate,-1
isocytosine,P2b_nucleotide_from_ribophosphate,isocytosine,-1
isocytosine,P2b_nucleotide_from_ribophosphate,isocytosine_ribose_phosphate,1
isocytosine,P2b_nucleotide_from_ribophosphate,water,1
isocytosine,P2_total_net_nucleotide_formation,isocytosine,-1
isocytosine,P2_total_net_nucleotide_formation,ribose,-1
isocytosine,P2_total_net_nucleotide_formation,phosphate,-1
isocytosine,P2_total_net_nucleotide_formation,isocytosine_ribose_phosphate,1
isocytosine,P2_total_net_nucleotide_formation,water,2
6_methyluracil,P1a_nucleoside_formation,6_methyluracil,-1
6_methyluracil,P1a_nucleoside_formation,ribose,-1
6_methyluracil,P1a_nucleoside_formation,6_methyluracil_ribose,1
6_methyluracil,P1a_nucleoside_formation,water,1
6_methyluracil,P1b_nucleotide_from_nucleoside,6_methyluracil_ribose,-1
6_methyluracil,P1b_nucleotide_from_nucleoside,phosphate,-1
6_methyluracil,P1b_nucleotide_from_nucleoside,6_methyluracil_ribose_phosphate,1
6_methyluracil,P1b_nucleotide_from_nucleoside,water,1
6_methyluracil,P1_total_net_nucleotide_formation,6_methyluracil,-1
6_methyluracil,P1_total_net_nucleotide_formation,ribose,-1
6_methyluracil,P1_total_net_nucleotide_formation,phosphate,-1
6_methyluracil,P1_total_net_nucleotide_formation,6_methyluracil_ribose_phosphate,1
6_methyluracil,P1_total_net_nucleotide_formation,water,2
6_methyluracil,P2a_ribose_phosphate_formation,ribose,-1
6_methyluracil,P2a_ribose_phosphate_formation,phosphate,-1
6_methyluracil,P2a_ribose_phosphate_formation,ribo_phosphate,1
6_methyluracil,P2a_ribose_phosphate_formation,water,1
6_methyluracil,P2b_nucleotide_from_ribophosphate,ribo_phosphate,-1
6_methyluracil,P2b_nucleotide_from_ribophosphate,6_methyluracil,-1
6_methyluracil,P2b_nucleotide_from_ribophosphate,6_methyluracil_ribose_phosphate,1
6_methyluracil,P2b_nucleotide_from_ribophosphate,water,1
6_methyluracil,P2_total_net_nucleotide_formation,6_methyluracil,-1
6_methyluracil,P2_total_net_nucleotide_formation,ribose,-1
6_methyluracil,P2_total_net_nucleotide_formation,phosphate,-1
6_methyluracil,P2_total_net_nucleotide_formation,6_methyluracil_ribose_phosphate,1
6_methyluracil,P2_total_net_nucleotide_formation,water,2
1_methyluracil,P1a_nucleoside_formation,1_methyluracil,-1
1_methyluracil,P1a_nucleoside_formation,ribose,-1
1_methyluracil,P1a_nucleoside_formation,1_methyluracil_ribose,1
1_methyluracil,P1a_nucleoside_formation,water,1
1_methyluracil,P1b_nucleotide_from_nucleoside,1_methyluracil_ribose,-1
1_methyluracil,P1b_nucleotide_from_nucleoside,phosphate,-1
1_methyluracil,P1b_nucleotide_from_nucleoside,1_methyluracil_ribose_phosphate,1
1_methyluracil,P1b_nucleotide_from_nucleoside,water,1
1_methyluracil,P1_total_net_nucleotide_formation,1_methyluracil,-1
1_methyluracil,P1_total_net_nucleotide_formation,ribose,-1
1_methyluracil,P1_total_net_nucleotide_formation,phosphate,-1
1_methyluracil,P1_total_net_nucleotide_formation,1_methyluracil_ribose_phosphate,1
1_methyluracil,P1_total_net_nucleotide_formation,water,2
1_methyluracil,P2a_ribose_phosphate_formation,ribose,-1
1_methyluracil,P2a_ribose_phosphate_formation,phosphate,-1
1_methyluracil,P2a_ribose_phosphate_formation,ribo_phosphate,1
1_methyluracil,P2a_ribose_phosphate_formation,water,1
1_methyluracil,P2b_nucleotide_from_ribophosphate,ribo_phosphate,-1
1_methyluracil,P2b_nucleotide_from_ribophosphate,1_methyluracil,-1
1_methyluracil,P2b_nucleotide_from_ribophosphate,1_methyluracil_ribose_phosphate,1
1_methyluracil,P2b_nucleotide_from_ribophosphate,water,1
1_methyluracil,P2_total_net_nucleotide_formation,1_methyluracil,-1
1_methyluracil,P2_total_net_nucleotide_formation,ribose,-1
1_methyluracil,P2_total_net_nucleotide_formation,phosphate,-1
1_methyluracil,P2_total_net_nucleotide_formation,1_methyluracil_ribose_phosphate,1
1_methyluracil,P2_total_net_nucleotide_formation,water,2
dihydrouracil,P1a_nucleoside_formation,dihydrouracil,-1
dihydrouracil,P1a_nucleoside_formation,ribose,-1
dihydrouracil,P1a_nucleoside_formation,dihydrouracil_ribose,1
dihydrouracil,P1a_nucleoside_formation,water,1
dihydrouracil,P1b_nucleotide_from_nucleoside,dihydrouracil_ribose,-1
dihydrouracil,P1b_nucleotide_from_nucleoside,phosphate,-1
dihydrouracil,P1b_nucleotide_from_nucleoside,dihydrouracil_ribose_phosphate,1
dihydrouracil,P1b_nucleotide_from_nucleoside,water,1
dihydrouracil,P1_total_net_nucleotide_formation,dihydrouracil,-1
dihydrouracil,P1_total_net_nucleotide_formation,ribose,-1
dihydrouracil,P1_total_net_nucleotide_formation,phosphate,-1
dihydrouracil,P1_total_net_nucleotide_formation,dihydrouracil_ribose_phosphate,1
dihydrouracil,P1_total_net_nucleotide_formation,water,2
dihydrouracil,P2a_ribose_phosphate_formation,ribose,-1
dihydrouracil,P2a_ribose_phosphate_formation,phosphate,-1
dihydrouracil,P2a_ribose_phosphate_formation,ribo_phosphate,1
dihydrouracil,P2a_ribose_phosphate_formation,water,1
dihydrouracil,P2b_nucleotide_from_ribophosphate,ribo_phosphate,-1
dihydrouracil,P2b_nucleotide_from_ribophosphate,dihydrouracil,-1
dihydrouracil,P2b_nucleotide_from_ribophosphate,dihydrouracil_ribose_phosphate,1
dihydrouracil,P2b_nucleotide_from_ribophosphate,water,1
dihydrouracil,P2_total_net_nucleotide_formation,dihydrouracil,-1
dihydrouracil,P2_total_net_nucleotide_formation,ribose,-1
dihydrouracil,P2_total_net_nucleotide_formation,phosphate,-1
dihydrouracil,P2_total_net_nucleotide_formation,dihydrouracil_ribose_phosphate,1
dihydrouracil,P2_total_net_nucleotide_formation,water,2
imidazole,P1a_nucleoside_formation,imidazole,-1
imidazole,P1a_nucleoside_formation,ribose,-1
imidazole,P1a_nucleoside_formation,imidazole_ribose,1
imidazole,P1a_nucleoside_formation,water,1
imidazole,P1b_nucleotide_from_nucleoside,imidazole_ribose,-1
imidazole,P1b_nucleotide_from_nucleoside,phosphate,-1
imidazole,P1b_nucleotide_from_nucleoside,imidazole_ribose_phosphate,1
imidazole,P1b_nucleotide_from_nucleoside,water,1
imidazole,P1_total_net_nucleotide_formation,imidazole,-1
imidazole,P1_total_net_nucleotide_formation,ribose,-1
imidazole,P1_total_net_nucleotide_formation,phosphate,-1
imidazole,P1_total_net_nucleotide_formation,imidazole_ribose_phosphate,1
imidazole,P1_total_net_nucleotide_formation,water,2
imidazole,P2a_ribose_phosphate_formation,ribose,-1
imidazole,P2a_ribose_phosphate_formation,phosphate,-1
imidazole,P2a_ribose_phosphate_formation,ribo_phosphate,1
imidazole,P2a_ribose_phosphate_formation,water,1
imidazole,P2b_nucleotide_from_ribophosphate,ribo_phosphate,-1
imidazole,P2b_nucleotide_from_ribophosphate,imidazole,-1
imidazole,P2b_nucleotide_from_ribophosphate,imidazole_ribose_phosphate,1
imidazole,P2b_nucleotide_from_ribophosphate,water,1
imidazole,P2_total_net_nucleotide_formation,imidazole,-1
imidazole,P2_total_net_nucleotide_formation,ribose,-1
imidazole,P2_total_net_nucleotide_formation,phosphate,-1
imidazole,P2_total_net_nucleotide_formation,imidazole_ribose_phosphate,1
imidazole,P2_total_net_nucleotide_formation,water,2
imidazole_2_carboxylic_acid,P1a_nucleoside_formation,imidazole_2_carboxylic_acid,-1
imidazole_2_carboxylic_acid,P1a_nucleoside_formation,ribose,-1
imidazole_2_carboxylic_acid,P1a_nucleoside_formation,imidazole_2_carboxylic_acid_ribose,1
imidazole_2_carboxylic_acid,P1a_nucleoside_formation,water,1
imidazole_2_carboxylic_acid,P1b_nucleotide_from_nucleoside,imidazole_2_carboxylic_acid_ribose,-1
imidazole_2_carboxylic_acid,P1b_nucleotide_from_nucleoside,phosphate,-1
imidazole_2_carboxylic_acid,P1b_nucleotide_from_nucleoside,imidazole_2_carboxylic_acid_ribose_phosphate,1
imidazole_2_carboxylic_acid,P1b_nucleotide_from_nucleoside,water,1
imidazole_2_carboxylic_acid,P1_total_net_nucleotide_formation,imidazole_2_carboxylic_acid,-1
imidazole_2_carboxylic_acid,P1_total_net_nucleotide_formation,ribose,-1
imidazole_2_carboxylic_acid,P1_total_net_nucleotide_formation,phosphate,-1
imidazole_2_carboxylic_acid,P1_total_net_nucleotide_formation,imidazole_2_carboxylic_acid_ribose_phosphate,1
imidazole_2_carboxylic_acid,P1_total_net_nucleotide_formation,water,2
imidazole_2_carboxylic_acid,P2a_ribose_phosphate_formation,ribose,-1
imidazole_2_carboxylic_acid,P2a_ribose_phosphate_formation,phosphate,-1
imidazole_2_carboxylic_acid,P2a_ribose_phosphate_formation,ribo_phosphate,1
imidazole_2_carboxylic_acid,P2a_ribose_phosphate_formation,water,1
imidazole_2_carboxylic_acid,P2b_nucleotide_from_ribophosphate,ribo_phosphate,-1
imidazole_2_carboxylic_acid,P2b_nucleotide_from_ribophosphate,imidazole_2_carboxylic_acid,-1
imidazole_2_carboxylic_acid,P2b_nucleotide_from_ribophosphate,imidazole_2_carboxylic_acid_ribose_phosphate,1
imidazole_2_carboxylic_acid,P2b_nucleotide_from_ribophosphate,water,1
imidazole_2_carboxylic_acid,P2_total_net_nucleotide_formation,imidazole_2_carboxylic_acid,-1
imidazole_2_carboxylic_acid,P2_total_net_nucleotide_formation,ribose,-1
imidazole_2_carboxylic_acid,P2_total_net_nucleotide_formation,phosphate,-1
imidazole_2_carboxylic_acid,P2_total_net_nucleotide_formation,imidazole_2_carboxylic_acid_ribose_phosphate,1
imidazole_2_carboxylic_acid,P2_total_net_nucleotide_formation,water,2
5_amino_4_imidazolecarboxamide,P1a_nucleoside_formation,5_amino_4_imidazolecarboxamide,-1
5_amino_4_imidazolecarboxamide,P1a_nucleoside_formation,ribose,-1
5_amino_4_imidazolecarboxamide,P1a_nucleoside_formation,5_amino_4_imidazolecarboxamide_ribose,1
5_amino_4_imidazolecarboxamide,P1a_nucleoside_formation,water,1
5_amino_4_imidazolecarboxamide,P1b_nucleotide_from_nucleoside,5_amino_4_imidazolecarboxamide_ribose,-1
5_amino_4_imidazolecarboxamide,P1b_nucleotide_from_nucleoside,phosphate,-1
5_amino_4_imidazolecarboxamide,P1b_nucleotide_from_nucleoside,5_amino_4_imidazolecarboxamide_ribose_phosphate,1
5_amino_4_imidazolecarboxamide,P1b_nucleotide_from_nucleoside,water,1
5_amino_4_imidazolecarboxamide,P1_total_net_nucleotide_formation,5_amino_4_imidazolecarboxamide,-1
5_amino_4_imidazolecarboxamide,P1_total_net_nucleotide_formation,ribose,-1
5_amino_4_imidazolecarboxamide,P1_total_net_nucleotide_formation,phosphate,-1
5_amino_4_imidazolecarboxamide,P1_total_net_nucleotide_formation,5_amino_4_imidazolecarboxamide_ribose_phosphate,1
5_amino_4_imidazolecarboxamide,P1_total_net_nucleotide_formation,water,2
5_amino_4_imidazolecarboxamide,P2a_ribose_phosphate_formation,ribose,-1
5_amino_4_imidazolecarboxamide,P2a_ribose_phosphate_formation,phosphate,-1
5_amino_4_imidazolecarboxamide,P2a_ribose_phosphate_formation,ribo_phosphate,1
5_amino_4_imidazolecarboxamide,P2a_ribose_phosphate_formation,water,1
5_amino_4_imidazolecarboxamide,P2b_nucleotide_from_ribophosphate,ribo_phosphate,-1
5_amino_4_imidazolecarboxamide,P2b_nucleotide_from_ribophosphate,5_amino_4_imidazolecarboxamide,-1
5_amino_4_imidazolecarboxamide,P2b_nucleotide_from_ribophosphate,5_amino_4_imidazolecarboxamide_ribose_phosphate,1
5_amino_4_imidazolecarboxamide,P2b_nucleotide_from_ribophosphate,water,1
5_amino_4_imidazolecarboxamide,P2_total_net_nucleotide_formation,5_amino_4_imidazolecarboxamide,-1
5_amino_4_imidazolecarboxamide,P2_total_net_nucleotide_formation,ribose,-1
5_amino_4_imidazolecarboxamide,P2_total_net_nucleotide_formation,phosphate,-1
5_amino_4_imidazolecarboxamide,P2_total_net_nucleotide_formation,5_amino_4_imidazolecarboxamide_ribose_phosphate,1
5_amino_4_imidazolecarboxamide,P2_total_net_nucleotide_formation,water,2
