mode_index,frequency_cm1
1,18.9041
2,25.9573
3,30.8782
4,33.4418
5,49.7194
6,68.8711
7,97.4957
8,106.2638
9,145.0021
10,167.4767
11,182.5266
12,184.8225
13,205.1022
14,214.7306
15,252.6904
16,269.885
17,273.2183
18,292.9639
19,311.4537
20,347.4696
21,364.6548
22,378.2798
23,405.8467
24,409.6503
25,442.0597
26,442.6941
27,450.3584
28,457.4094
29,490.4667
30,537.8682
31,542.2884
32,555.2939
33,586.5848
34,642.5896
35,653.3608
36,668.9517
37,724.355
38,732.5138
39,776.4645
40,781.4045
41,819.2796
42,826.1948
43,843.3628
44,893.1253
45,900.9276
46,902.0017
47,915.396
48,983.4102
49,990.6447
50,1002.5262
51,1006.6205
52,1041.5758
53,1048.0334
54,1052.5936
55,1060.8531
56,1091.6357
57,1106.6645
58,1121.0771
59,1128.6239
60,1146.0755
61,1206.5369
62,1227.8382
63,1231.5731
64,1260.6552
65,1262.8221
66,1275.8686
67,1284.8322
68,1294.6167
69,1322.573
70,1336.8285
71,1376.1797
72,1385.2003
73,1395.6274
74,1417.8483
75,1421.623
76,1428.5348
77,1431.5634
78,1440.2081
79,1484.0033
80,1514.4867
81,1662.4437
82,1694.0451
83,1730.1982
84,3023.1304
85,3062.2965
86,3069.99
87,3088.8014
88,3110.5481
89,3116.2722
90,3228.6058
91,3244.5364
92,3582.5076
93,3717.3153
94,3800.4723
95,3806.1984
96,3807.8595
