treatment,record_type,family,role,candidate_id,calculation_id,record_path,harmonic_g_hartree,entropy_shift_hartree,treated_g_hartree,temperature_k,frequency_count
harmonic,candidate,adenine,two_water_cluster,adenine_ribose_phosphate_conf13_w2_splitA_pcm_water,calc_146ced27141c723d,data/calculations/calc_146ced27141c723d/record.json,-1684.47870976,0.0,-1684.47870976,298.0,123
harmonic,candidate,adenine,two_water_cluster,adenine_ribose_phosphate_conf13_w2_splitB_pcm_water,calc_c8ba0d588d9f5799,data/calculations/calc_c8ba0d588d9f5799/record.json,-1684.48479295,0.0,-1684.48479295,298.0,123
harmonic,candidate,cytosine,two_water_cluster,cytosine_ribose_phosphate_conf2_w2_splitA_pcm_water,calc_c03413cefe275eaf,data/calculations/calc_c03413cefe275eaf/record.json,-1612.09732714,0.0,-1612.09732714,298.0,117
harmonic,candidate,cytosine,two_water_cluster,cytosine_ribose_phosphate_conf2_w2_splitB_pcm_water,calc_209cce8566547aff,data/calculations/calc_209cce8566547aff/record.json,-1612.10080043,0.0,-1612.10080043,298.0,117
harmonic,candidate,guanine,two_water_cluster,guanine_ribose_phosphate_conf87_w2_splitA_pcm_water,calc_1b5f66f735355281,data/calculations/calc_1b5f66f735355281/record.json,-1759.7506560900001,0.0,-1759.7506560900001,298.0,126
harmonic,candidate,tap,two_water_cluster,tap_C5link_ribose_phosphate_dft_seed_w2_splitA_pcm_water,calc_9e9d5987647e1684,data/calculations/calc_9e9d5987647e1684/record.json,-1647.58565157,0.0,-1647.58565157,298.0,126
harmonic,candidate,tap,two_water_cluster,tap_C5link_ribose_phosphate_dft_seed_w2_splitB_pcm_water,calc_c9a679f675491f42,data/calculations/calc_c9a679f675491f42/record.json,-1647.5849660400002,0.0,-1647.5849660400002,298.0,126
harmonic,candidate,melamine,two_water_cluster,melamine_ribose_phosphate_conf79_w2_splitA_pcm_water,calc_4988b19d69c57b7e,data/calculations/calc_4988b19d69c57b7e/record.json,-1663.66331027,0.0,-1663.66331027,298.0,123
harmonic,candidate,melamine,two_water_cluster,melamine_ribose_phosphate_conf79_w2_splitB_pcm_water,calc_a821ef954e5ab9d9,data/calculations/calc_a821ef954e5ab9d9/record.json,-1663.66604557,0.0,-1663.66604557,298.0,123
harmonic,candidate,imidazole,two_water_cluster,imidazole_ribose_phosphate_conf11_w2_splitA_pcm_water,calc_d4b4aa8b53070bb4,data/calculations/calc_d4b4aa8b53070bb4/record.json,-1443.33041089,0.0,-1443.33041089,298.0,105
harmonic,candidate,imidazole,two_water_cluster,imidazole_ribose_phosphate_conf11_w2_splitB_pcm_water,calc_ae92928552ba62b6,data/calculations/calc_ae92928552ba62b6/record.json,-1443.33184641,0.0,-1443.33184641,298.0,105
harmonic,candidate,guanine,two_water_cluster,guanine_ribose_phosphate_conf87_w2_splitB_internal_repair_pcm_water,calc_ffa6ab27e97bdf79,data/calculations/calc_ffa6ab27e97bdf79/record.json,-1759.75432586,0.0,-1759.75432586,298.0,126
harmonic,reference,adenine,base,,calc_579b225d5746d6f9,data/calculations/calc_579b225d5746d6f9/record.json,-467.411776062,0.0,-467.411776062,298.0,39
harmonic,reference,cytosine,base,,calc_134efc3e90289083,data/calculations/calc_134efc3e90289083/record.json,-395.027078634,0.0,-395.027078634,298.0,33
harmonic,reference,guanine,base,,calc_a091e116d6de97ca,data/calculations/calc_a091e116d6de97ca/record.json,-542.688635019,0.0,-542.688635019,298.0,42
harmonic,reference,tap,base,,calc_4e2e0861eea37088,data/calculations/calc_4e2e0861eea37088/record.json,-430.518375734,0.0,-430.518375734,298.0,42
harmonic,reference,melamine,base,,calc_33fca431883e2cd5,data/calculations/calc_33fca431883e2cd5/record.json,-446.598259299,0.0,-446.598259299,298.0,39
harmonic,reference,imidazole,base,,calc_86aab83ecc0914ce,data/calculations/calc_86aab83ecc0914ce/record.json,-226.263318163,0.0,-226.263318163,298.0,21
harmonic,reference,adenine,continuum_nucleotide,,calc_565406d4de58dfbc,data/calculations/calc_565406d4de58dfbc/record.json,-1531.5661146500001,0.0,-1531.5661146500001,298.0,105
harmonic,reference,cytosine,continuum_nucleotide,,calc_fff03848f43180e0,data/calculations/calc_fff03848f43180e0/record.json,-1459.1808506099999,0.0,-1459.1808506099999,298.0,99
harmonic,reference,guanine,continuum_nucleotide,,calc_5cbeee002649ab4c,data/calculations/calc_5cbeee002649ab4c/record.json,-1606.83475695,0.0,-1606.83475695,298.0,108
harmonic,reference,tap,continuum_nucleotide,,calc_a213de3c3663f8eb,data/calculations/calc_a213de3c3663f8eb/record.json,-1494.66493383,0.0,-1494.66493383,298.0,108
harmonic,reference,melamine,continuum_nucleotide,,calc_461032b033f7667d,data/calculations/calc_461032b033f7667d/record.json,-1510.7466947500002,0.0,-1510.7466947500002,298.0,105
harmonic,reference,imidazole,continuum_nucleotide,,calc_0fc80346cb0cfb89,data/calculations/calc_0fc80346cb0cfb89/record.json,-1290.41066676,0.0,-1290.41066676,298.0,87
floor_50,candidate,adenine,two_water_cluster,adenine_ribose_phosphate_conf13_w2_splitA_pcm_water,calc_146ced27141c723d,data/calculations/calc_146ced27141c723d/record.json,-1684.47870976,0.004620473264139946,-1684.4740892867358,298.0,123
floor_50,candidate,adenine,two_water_cluster,adenine_ribose_phosphate_conf13_w2_splitB_pcm_water,calc_c8ba0d588d9f5799,data/calculations/calc_c8ba0d588d9f5799/record.json,-1684.48479295,0.0026943665468479594,-1684.482098583453,298.0,123
floor_50,candidate,cytosine,two_water_cluster,cytosine_ribose_phosphate_conf2_w2_splitA_pcm_water,calc_c03413cefe275eaf,data/calculations/calc_c03413cefe275eaf/record.json,-1612.09732714,0.0024631705975934892,-1612.0948639694025,298.0,117
floor_50,candidate,cytosine,two_water_cluster,cytosine_ribose_phosphate_conf2_w2_splitB_pcm_water,calc_209cce8566547aff,data/calculations/calc_209cce8566547aff/record.json,-1612.10080043,0.00328571778618425,-1612.0975147122138,298.0,117
floor_50,candidate,guanine,two_water_cluster,guanine_ribose_phosphate_conf87_w2_splitA_pcm_water,calc_1b5f66f735355281,data/calculations/calc_1b5f66f735355281/record.json,-1759.7506560900001,0.0033213198489647766,-1759.7473347701512,298.0,126
floor_50,candidate,tap,two_water_cluster,tap_C5link_ribose_phosphate_dft_seed_w2_splitA_pcm_water,calc_9e9d5987647e1684,data/calculations/calc_9e9d5987647e1684/record.json,-1647.58565157,0.004770122960508161,-1647.5808814470395,298.0,126
floor_50,candidate,tap,two_water_cluster,tap_C5link_ribose_phosphate_dft_seed_w2_splitB_pcm_water,calc_c9a679f675491f42,data/calculations/calc_c9a679f675491f42/record.json,-1647.5849660400002,0.003779020365755059,-1647.5811870196344,298.0,126
floor_50,candidate,melamine,two_water_cluster,melamine_ribose_phosphate_conf79_w2_splitA_pcm_water,calc_4988b19d69c57b7e,data/calculations/calc_4988b19d69c57b7e/record.json,-1663.66331027,0.005031615743519069,-1663.6582786542565,298.0,123
floor_50,candidate,melamine,two_water_cluster,melamine_ribose_phosphate_conf79_w2_splitB_pcm_water,calc_a821ef954e5ab9d9,data/calculations/calc_a821ef954e5ab9d9/record.json,-1663.66604557,0.00482877102308521,-1663.661216798977,298.0,123
floor_50,candidate,imidazole,two_water_cluster,imidazole_ribose_phosphate_conf11_w2_splitA_pcm_water,calc_d4b4aa8b53070bb4,data/calculations/calc_d4b4aa8b53070bb4/record.json,-1443.33041089,0.0048062649127587065,-1443.3256046250872,298.0,105
floor_50,candidate,imidazole,two_water_cluster,imidazole_ribose_phosphate_conf11_w2_splitB_pcm_water,calc_ae92928552ba62b6,data/calculations/calc_ae92928552ba62b6/record.json,-1443.33184641,0.003457483931015304,-1443.328388926069,298.0,105
floor_50,candidate,guanine,two_water_cluster,guanine_ribose_phosphate_conf87_w2_splitB_internal_repair_pcm_water,calc_ffa6ab27e97bdf79,data/calculations/calc_ffa6ab27e97bdf79/record.json,-1759.75432586,0.0047551788045439025,-1759.7495706811956,298.0,126
floor_50,reference,adenine,base,,calc_579b225d5746d6f9,data/calculations/calc_579b225d5746d6f9/record.json,-467.411776062,0.0,-467.411776062,298.0,39
floor_50,reference,cytosine,base,,calc_134efc3e90289083,data/calculations/calc_134efc3e90289083/record.json,-395.027078634,0.0,-395.027078634,298.0,33
floor_50,reference,guanine,base,,calc_a091e116d6de97ca,data/calculations/calc_a091e116d6de97ca/record.json,-542.688635019,0.0,-542.688635019,298.0,42
floor_50,reference,tap,base,,calc_4e2e0861eea37088,data/calculations/calc_4e2e0861eea37088/record.json,-430.518375734,0.0,-430.518375734,298.0,42
floor_50,reference,melamine,base,,calc_33fca431883e2cd5,data/calculations/calc_33fca431883e2cd5/record.json,-446.598259299,0.0,-446.598259299,298.0,39
floor_50,reference,imidazole,base,,calc_86aab83ecc0914ce,data/calculations/calc_86aab83ecc0914ce/record.json,-226.263318163,0.0,-226.263318163,298.0,21
floor_50,reference,adenine,continuum_nucleotide,,calc_565406d4de58dfbc,data/calculations/calc_565406d4de58dfbc/record.json,-1531.5661146500001,0.0010769924297164835,-1531.5650376575704,298.0,105
floor_50,reference,cytosine,continuum_nucleotide,,calc_fff03848f43180e0,data/calculations/calc_fff03848f43180e0/record.json,-1459.1808506099999,0.0005224612068559509,-1459.180328148793,298.0,99
floor_50,reference,guanine,continuum_nucleotide,,calc_5cbeee002649ab4c,data/calculations/calc_5cbeee002649ab4c/record.json,-1606.83475695,0.002888818697329043,-1606.8318681313026,298.0,108
floor_50,reference,tap,continuum_nucleotide,,calc_a213de3c3663f8eb,data/calculations/calc_a213de3c3663f8eb/record.json,-1494.66493383,0.0024977779930850375,-1494.662436052007,298.0,108
floor_50,reference,melamine,continuum_nucleotide,,calc_461032b033f7667d,data/calculations/calc_461032b033f7667d/record.json,-1510.7466947500002,0.004169426123553421,-1510.7425253238766,298.0,105
floor_50,reference,imidazole,continuum_nucleotide,,calc_0fc80346cb0cfb89,data/calculations/calc_0fc80346cb0cfb89/record.json,-1290.41066676,0.0023673517227962293,-1290.4082994082771,298.0,87
floor_100,candidate,adenine,two_water_cluster,adenine_ribose_phosphate_conf13_w2_splitA_pcm_water,calc_146ced27141c723d,data/calculations/calc_146ced27141c723d/record.json,-1684.47870976,0.010219752430430162,-1684.4684900075695,298.0,123
floor_100,candidate,adenine,two_water_cluster,adenine_ribose_phosphate_conf13_w2_splitB_pcm_water,calc_c8ba0d588d9f5799,data/calculations/calc_c8ba0d588d9f5799/record.json,-1684.48479295,0.008232211605218254,-1684.4765607383947,298.0,123
floor_100,candidate,cytosine,two_water_cluster,cytosine_ribose_phosphate_conf2_w2_splitA_pcm_water,calc_c03413cefe275eaf,data/calculations/calc_c03413cefe275eaf/record.json,-1612.09732714,0.006929424015197583,-1612.0903977159849,298.0,117
floor_100,candidate,cytosine,two_water_cluster,cytosine_ribose_phosphate_conf2_w2_splitB_pcm_water,calc_209cce8566547aff,data/calculations/calc_209cce8566547aff/record.json,-1612.10080043,0.008919235310486329,-1612.0918811946894,298.0,117
floor_100,candidate,guanine,two_water_cluster,guanine_ribose_phosphate_conf87_w2_splitA_pcm_water,calc_1b5f66f735355281,data/calculations/calc_1b5f66f735355281/record.json,-1759.7506560900001,0.007655289473632365,-1759.7430008005265,298.0,126
floor_100,candidate,tap,two_water_cluster,tap_C5link_ribose_phosphate_dft_seed_w2_splitA_pcm_water,calc_9e9d5987647e1684,data/calculations/calc_9e9d5987647e1684/record.json,-1647.58565157,0.010699502558054519,-1647.574952067442,298.0,126
floor_100,candidate,tap,two_water_cluster,tap_C5link_ribose_phosphate_dft_seed_w2_splitB_pcm_water,calc_c9a679f675491f42,data/calculations/calc_c9a679f675491f42/record.json,-1647.5849660400002,0.00953854967906409,-1647.575427490321,298.0,126
floor_100,candidate,melamine,two_water_cluster,melamine_ribose_phosphate_conf79_w2_splitA_pcm_water,calc_4988b19d69c57b7e,data/calculations/calc_4988b19d69c57b7e/record.json,-1663.66331027,0.011103691791277015,-1663.6522065782087,298.0,123
floor_100,candidate,melamine,two_water_cluster,melamine_ribose_phosphate_conf79_w2_splitB_pcm_water,calc_a821ef954e5ab9d9,data/calculations/calc_a821ef954e5ab9d9/record.json,-1663.66604557,0.010354458211395468,-1663.6556911117887,298.0,123
floor_100,candidate,imidazole,two_water_cluster,imidazole_ribose_phosphate_conf11_w2_splitA_pcm_water,calc_d4b4aa8b53070bb4,data/calculations/calc_d4b4aa8b53070bb4/record.json,-1443.33041089,0.01079806647476289,-1443.3196128235252,298.0,105
floor_100,candidate,imidazole,two_water_cluster,imidazole_ribose_phosphate_conf11_w2_splitB_pcm_water,calc_ae92928552ba62b6,data/calculations/calc_ae92928552ba62b6/record.json,-1443.33184641,0.008903678302885965,-1443.3229427316971,298.0,105
floor_100,candidate,guanine,two_water_cluster,guanine_ribose_phosphate_conf87_w2_splitB_internal_repair_pcm_water,calc_ffa6ab27e97bdf79,data/calculations/calc_ffa6ab27e97bdf79/record.json,-1759.75432586,0.010486371828392294,-1759.7438394881717,298.0,126
floor_100,reference,adenine,base,,calc_579b225d5746d6f9,data/calculations/calc_579b225d5746d6f9/record.json,-467.411776062,0.0,-467.411776062,298.0,39
floor_100,reference,cytosine,base,,calc_134efc3e90289083,data/calculations/calc_134efc3e90289083/record.json,-395.027078634,0.0,-395.027078634,298.0,33
floor_100,reference,guanine,base,,calc_a091e116d6de97ca,data/calculations/calc_a091e116d6de97ca/record.json,-542.688635019,0.0,-542.688635019,298.0,42
floor_100,reference,tap,base,,calc_4e2e0861eea37088,data/calculations/calc_4e2e0861eea37088/record.json,-430.518375734,0.0,-430.518375734,298.0,42
floor_100,reference,melamine,base,,calc_33fca431883e2cd5,data/calculations/calc_33fca431883e2cd5/record.json,-446.598259299,0.0,-446.598259299,298.0,39
floor_100,reference,imidazole,base,,calc_86aab83ecc0914ce,data/calculations/calc_86aab83ecc0914ce/record.json,-226.263318163,0.0,-226.263318163,298.0,21
floor_100,reference,adenine,continuum_nucleotide,,calc_565406d4de58dfbc,data/calculations/calc_565406d4de58dfbc/record.json,-1531.5661146500001,0.004220890394208254,-1531.561893759606,298.0,105
floor_100,reference,cytosine,continuum_nucleotide,,calc_fff03848f43180e0,data/calculations/calc_fff03848f43180e0/record.json,-1459.1808506099999,0.0033574371068425535,-1459.177493172893,298.0,99
floor_100,reference,guanine,continuum_nucleotide,,calc_5cbeee002649ab4c,data/calculations/calc_5cbeee002649ab4c/record.json,-1606.83475695,0.005953101085879098,-1606.828803848914,298.0,108
floor_100,reference,tap,continuum_nucleotide,,calc_a213de3c3663f8eb,data/calculations/calc_a213de3c3663f8eb/record.json,-1494.66493383,0.006336956339964672,-1494.6585968736601,298.0,108
floor_100,reference,melamine,continuum_nucleotide,,calc_461032b033f7667d,data/calculations/calc_461032b033f7667d/record.json,-1510.7466947500002,0.007429175732568183,-1510.7392655742676,298.0,105
floor_100,reference,imidazole,continuum_nucleotide,,calc_0fc80346cb0cfb89,data/calculations/calc_0fc80346cb0cfb89/record.json,-1290.41066676,0.005552625829523095,-1290.4051141341704,298.0,87
grimme_qrrho_100,candidate,adenine,two_water_cluster,adenine_ribose_phosphate_conf13_w2_splitA_pcm_water,calc_146ced27141c723d,data/calculations/calc_146ced27141c723d/record.json,-1684.47870976,0.007972426744345285,-1684.4707373332556,298.0,123
grimme_qrrho_100,candidate,adenine,two_water_cluster,adenine_ribose_phosphate_conf13_w2_splitB_pcm_water,calc_c8ba0d588d9f5799,data/calculations/calc_c8ba0d588d9f5799/record.json,-1684.48479295,0.006895451100945138,-1684.477897498899,298.0,123
grimme_qrrho_100,candidate,cytosine,two_water_cluster,cytosine_ribose_phosphate_conf2_w2_splitA_pcm_water,calc_c03413cefe275eaf,data/calculations/calc_c03413cefe275eaf/record.json,-1612.09732714,0.005758592309803134,-1612.0915685476903,298.0,117
grimme_qrrho_100,candidate,cytosine,two_water_cluster,cytosine_ribose_phosphate_conf2_w2_splitB_pcm_water,calc_209cce8566547aff,data/calculations/calc_209cce8566547aff/record.json,-1612.10080043,0.007282399241148596,-1612.0935180307588,298.0,117
grimme_qrrho_100,candidate,guanine,two_water_cluster,guanine_ribose_phosphate_conf87_w2_splitA_pcm_water,calc_1b5f66f735355281,data/calculations/calc_1b5f66f735355281/record.json,-1759.7506560900001,0.006242850473654471,-1759.7444132395265,298.0,126
grimme_qrrho_100,candidate,tap,two_water_cluster,tap_C5link_ribose_phosphate_dft_seed_w2_splitA_pcm_water,calc_9e9d5987647e1684,data/calculations/calc_9e9d5987647e1684/record.json,-1647.58565157,0.00827125955242991,-1647.5773803104476,298.0,126
grimme_qrrho_100,candidate,tap,two_water_cluster,tap_C5link_ribose_phosphate_dft_seed_w2_splitB_pcm_water,calc_c9a679f675491f42,data/calculations/calc_c9a679f675491f42/record.json,-1647.5849660400002,0.007586937853602649,-1647.5773791021466,298.0,126
grimme_qrrho_100,candidate,melamine,two_water_cluster,melamine_ribose_phosphate_conf79_w2_splitA_pcm_water,calc_4988b19d69c57b7e,data/calculations/calc_4988b19d69c57b7e/record.json,-1663.66331027,0.008721486754438956,-1663.6545887832456,298.0,123
grimme_qrrho_100,candidate,melamine,two_water_cluster,melamine_ribose_phosphate_conf79_w2_splitB_pcm_water,calc_a821ef954e5ab9d9,data/calculations/calc_a821ef954e5ab9d9/record.json,-1663.66604557,0.008149358189939448,-1663.65789621181,298.0,123
grimme_qrrho_100,candidate,imidazole,two_water_cluster,imidazole_ribose_phosphate_conf11_w2_splitA_pcm_water,calc_d4b4aa8b53070bb4,data/calculations/calc_d4b4aa8b53070bb4/record.json,-1443.33041089,0.008386786447090344,-1443.3220241035528,298.0,105
grimme_qrrho_100,candidate,imidazole,two_water_cluster,imidazole_ribose_phosphate_conf11_w2_splitB_pcm_water,calc_ae92928552ba62b6,data/calculations/calc_ae92928552ba62b6/record.json,-1443.33184641,0.007241600905672385,-1443.3246048090944,298.0,105
grimme_qrrho_100,candidate,guanine,two_water_cluster,guanine_ribose_phosphate_conf87_w2_splitB_internal_repair_pcm_water,calc_ffa6ab27e97bdf79,data/calculations/calc_ffa6ab27e97bdf79/record.json,-1759.75432586,0.008076061329347795,-1759.7462497986708,298.0,126
grimme_qrrho_100,reference,adenine,base,,calc_579b225d5746d6f9,data/calculations/calc_579b225d5746d6f9/record.json,-467.411776062,5.391216859607084e-07,-467.4117755228783,298.0,39
grimme_qrrho_100,reference,cytosine,base,,calc_134efc3e90289083,data/calculations/calc_134efc3e90289083/record.json,-395.027078634,6.420814617058568e-05,-395.02701442585385,298.0,33
grimme_qrrho_100,reference,guanine,base,,calc_a091e116d6de97ca,data/calculations/calc_a091e116d6de97ca/record.json,-542.688635019,2.004195596327918e-05,-542.688614977044,298.0,42
grimme_qrrho_100,reference,tap,base,,calc_4e2e0861eea37088,data/calculations/calc_4e2e0861eea37088/record.json,-430.518375734,-8.25825526362678e-06,-430.5183839922553,298.0,42
grimme_qrrho_100,reference,melamine,base,,calc_33fca431883e2cd5,data/calculations/calc_33fca431883e2cd5/record.json,-446.598259299,-7.292677594250563e-06,-446.5982665916776,298.0,39
grimme_qrrho_100,reference,imidazole,base,,calc_86aab83ecc0914ce,data/calculations/calc_86aab83ecc0914ce/record.json,-226.263318163,-8.554886221645575e-07,-226.26331901848863,298.0,21
grimme_qrrho_100,reference,adenine,continuum_nucleotide,,calc_565406d4de58dfbc,data/calculations/calc_565406d4de58dfbc/record.json,-1531.5661146500001,0.0037911187453119055,-1531.5623235312548,298.0,105
grimme_qrrho_100,reference,cytosine,continuum_nucleotide,,calc_fff03848f43180e0,data/calculations/calc_fff03848f43180e0/record.json,-1459.1808506099999,0.0030772772074669774,-1459.1777733327924,298.0,99
grimme_qrrho_100,reference,guanine,continuum_nucleotide,,calc_5cbeee002649ab4c,data/calculations/calc_5cbeee002649ab4c/record.json,-1606.83475695,0.004607689452541308,-1606.8301492605474,298.0,108
grimme_qrrho_100,reference,tap,continuum_nucleotide,,calc_a213de3c3663f8eb,data/calculations/calc_a213de3c3663f8eb/record.json,-1494.66493383,0.00498799564275032,-1494.6599458343574,298.0,108
grimme_qrrho_100,reference,melamine,continuum_nucleotide,,calc_461032b033f7667d,data/calculations/calc_461032b033f7667d/record.json,-1510.7466947500002,0.005430242229522264,-1510.7412645077707,298.0,105
grimme_qrrho_100,reference,imidazole,continuum_nucleotide,,calc_0fc80346cb0cfb89,data/calculations/calc_0fc80346cb0cfb89/record.json,-1290.41066676,0.004307509662112352,-1290.4063592503378,298.0,87
