treatment,family,candidate_id,calculation_id,placement,score_hartree,relative_g_kcal_mol,fixed_reference_score_kcal_mol,rank
harmonic,cytosine,cytosine_ribose_phosphate_conf2_w2_splitB_pcm_water,calc_209cce8566547aff,splitB,-1217.073721796,-0.44233644833583785,0.2263734828076771,1
harmonic,adenine,adenine_ribose_phosphate_conf13_w2_splitB_pcm_water,calc_c8ba0d588d9f5799,splitB,-1217.073016888,0.0,0.6687099310990341,2
harmonic,imidazole,imidazole_ribose_phosphate_conf11_w2_splitB_pcm_water,calc_ae92928552ba62b6,splitB,-1217.068528247,2.816664753218238,3.4853746840340385,3
harmonic,melamine,melamine_ribose_phosphate_conf79_w2_splitB_pcm_water,calc_a821ef954e5ab9d9,splitB,-1217.067786271,3.282261722728145,3.9509716534971275,4
harmonic,tap,tap_C5link_ribose_phosphate_dft_seed_w2_splitA_pcm_water,calc_9e9d5987647e1684,splitA,-1217.067275836,3.602564521136472,4.271274451873246,5
harmonic,guanine,guanine_ribose_phosphate_conf87_w2_splitB_internal_repair_pcm_water,calc_ffa6ab27e97bdf79,splitB,-1217.065690841,4.597163899855372,5.265873830492133,6
floor_50,cytosine,cytosine_ribose_phosphate_conf2_w2_splitB_pcm_water,calc_209cce8566547aff,splitB,-1217.0704360782138,-0.07125794315335966,2.2881925225286004,1
floor_50,adenine,adenine_ribose_phosphate_conf13_w2_splitB_pcm_water,calc_c8ba0d588d9f5799,splitB,-1217.0703225214531,0.0,2.3594504656747937,2
floor_50,imidazole,imidazole_ribose_phosphate_conf11_w2_splitB_pcm_water,calc_ae92928552ba62b6,splitB,-1217.065070763069,3.2955281416054967,5.654978606948903,3
floor_50,melamine,melamine_ribose_phosphate_conf79_w2_splitB_pcm_water,calc_a821ef954e5ab9d9,splitB,-1217.062957499977,4.621620752907029,6.981071218117089,4
floor_50,tap,tap_C5link_ribose_phosphate_dft_seed_w2_splitB_pcm_water,calc_c9a679f675491f42,splitB,-1217.0628112856343,4.7133716382258495,7.0728221034266845,5
floor_50,guanine,guanine_ribose_phosphate_conf87_w2_splitB_internal_repair_pcm_water,calc_ffa6ab27e97bdf79,splitB,-1217.0609356621956,5.890343115824942,8.249793580907426,6
floor_100,cytosine,cytosine_ribose_phosphate_conf2_w2_splitB_pcm_water,calc_209cce8566547aff,splitB,-1217.0648025606895,-0.011222564374185874,5.823278140973178,1
floor_100,adenine,adenine_ribose_phosphate_conf13_w2_splitB_pcm_water,calc_c8ba0d588d9f5799,splitB,-1217.0647846763948,0.0,5.834500705346237,2
floor_100,imidazole,imidazole_ribose_phosphate_conf11_w2_splitB_pcm_water,calc_ae92928552ba62b6,splitB,-1217.059624568697,3.2380164675225895,9.072517172543222,3
floor_100,melamine,melamine_ribose_phosphate_conf79_w2_splitB_pcm_water,calc_a821ef954e5ab9d9,splitB,-1217.0574318127888,4.613991574259928,10.448492279142197,4
floor_100,tap,tap_C5link_ribose_phosphate_dft_seed_w2_splitB_pcm_water,calc_c9a679f675491f42,splitB,-1217.057051756321,4.852480608450526,10.686981313308817,5
floor_100,guanine,guanine_ribose_phosphate_conf87_w2_splitB_internal_repair_pcm_water,calc_ffa6ab27e97bdf79,splitB,-1217.0552044691717,6.011670795953274,11.846171500694997,6
grimme_qrrho_100,cytosine,cytosine_ribose_phosphate_conf2_w2_splitB_pcm_water,calc_209cce8566547aff,splitB,-1217.066503604905,-0.23947574045552886,4.755856780084482,1
grimme_qrrho_100,adenine,adenine_ribose_phosphate_conf13_w2_splitB_pcm_water,calc_c8ba0d588d9f5799,splitB,-1217.0661219760207,0.0,4.9953325205159285,2
grimme_qrrho_100,imidazole,imidazole_ribose_phosphate_conf11_w2_splitB_pcm_water,calc_ae92928552ba62b6,splitB,-1217.0612857906058,3.034752166167973,8.03008468637874,3
grimme_qrrho_100,melamine,melamine_ribose_phosphate_conf79_w2_splitB_pcm_water,calc_a821ef954e5ab9d9,splitB,-1217.0596296201325,4.074014828842911,9.069347348949172,4
grimme_qrrho_100,tap,tap_C5link_ribose_phosphate_dft_seed_w2_splitA_pcm_water,calc_9e9d5987647e1684,splitA,-1217.0589963181924,4.471417796179341,9.46675031624564,5
grimme_qrrho_100,guanine,guanine_ribose_phosphate_conf87_w2_splitB_internal_repair_pcm_water,calc_ffa6ab27e97bdf79,splitB,-1217.0576348216268,5.32576978996673,10.321102309947118,6
