treatment,family,base_calculation_id,dry_calculation_id,score_hartree,relative_g_kcal_mol,rank
harmonic,adenine,calc_579b225d5746d6f9,calc_565406d4de58dfbc,-1064.1543385880002,0.0,1
harmonic,cytosine,calc_134efc3e90289083,calc_fff03848f43180e0,-1064.153771976,0.3555543982962387,2
harmonic,melamine,calc_33fca431883e2cd5,calc_461032b033f7667d,-1064.1484354510003,3.704274394132653,3
harmonic,imidazole,calc_86aab83ecc0914ce,calc_0fc80346cb0cfb89,-1064.147348597,4.38628557623018,4
harmonic,tap,calc_4e2e0861eea37088,calc_a213de3c3663f8eb,-1064.146558096,4.882332442975945,5
harmonic,guanine,calc_a091e116d6de97ca,calc_5cbeee002649ab4c,-1064.146121931,5.15603011279978,6
floor_50,adenine,calc_579b225d5746d6f9,calc_565406d4de58dfbc,-1064.1532615955705,0.0,1
floor_50,cytosine,calc_134efc3e90289083,calc_fff03848f43180e0,-1064.153249514793,0.007580802287458203,2
floor_50,imidazole,calc_86aab83ecc0914ce,calc_0fc80346cb0cfb89,-1064.144981245277,5.195998257725764,3
floor_50,melamine,calc_33fca431883e2cd5,calc_461032b033f7667d,-1064.1442660248767,5.644805834927279,4
floor_50,tap,calc_4e2e0861eea37088,calc_a213de3c3663f8eb,-1064.144060318007,5.773888844601791,5
floor_50,guanine,calc_a091e116d6de97ca,calc_5cbeee002649ab4c,-1064.1432331123026,6.292968261083046,6
floor_100,cytosine,calc_134efc3e90289083,calc_fff03848f43180e0,-1064.150414538893,-0.18627071993666697,1
floor_100,adenine,calc_579b225d5746d6f9,calc_565406d4de58dfbc,-1064.150117697606,0.0,2
floor_100,imidazole,calc_86aab83ecc0914ce,calc_0fc80346cb0cfb89,-1064.1417959711703,5.221962178978468,3
floor_100,melamine,calc_33fca431883e2cd5,calc_461032b033f7667d,-1064.1410062752675,5.717503839593926,4
floor_100,tap,calc_4e2e0861eea37088,calc_a213de3c3663f8eb,-1064.14022113966,6.210183871680391,5
floor_100,guanine,calc_a091e116d6de97ca,calc_5cbeee002649ab4c,-1064.140168829914,6.243008732896629,6
grimme_qrrho_100,cytosine,calc_134efc3e90289083,calc_fff03848f43180e0,-1064.1507589069386,-0.13234084574968427,1
grimme_qrrho_100,adenine,calc_579b225d5746d6f9,calc_565406d4de58dfbc,-1064.1505480083765,0.0,2
grimme_qrrho_100,imidazole,calc_86aab83ecc0914ce,calc_0fc80346cb0cfb89,-1064.1430402318492,4.711200900023565,3
grimme_qrrho_100,melamine,calc_33fca431883e2cd5,calc_461032b033f7667d,-1064.142997916093,4.737754437952604,4
grimme_qrrho_100,tap,calc_4e2e0861eea37088,calc_a213de3c3663f8eb,-1064.141561842102,5.638904472788569,5
grimme_qrrho_100,guanine,calc_a091e116d6de97ca,calc_5cbeee002649ab4c,-1064.1415342835035,5.656197754441526,6
